<?xml version="1.0" encoding="UTF-8"?>
<alto xmlns:xsi="http://www.w3.org/2001/XMLSchema-instance"
      xmlns="http://www.loc.gov/standards/alto/ns-v4#"
      xsi:schemaLocation="http://www.loc.gov/standards/alto/ns-v4# http://www.loc.gov/standards/alto/v4/alto-4-2.xsd">
  <Description>
    <MeasurementUnit>pixel</MeasurementUnit>
    <sourceImageInformation>
      <fileName>00027.jpg</fileName>
      
    </sourceImageInformation>
  </Description>
  
  <Tags>
    <OtherTag ID="BT2" LABEL="Main" DESCRIPTION="block type Main"/><OtherTag ID="BT4" LABEL="Illustration" DESCRIPTION="block type Illustration"/><OtherTag ID="BT1315" LABEL="Running title" DESCRIPTION="block type Running title"/><OtherTag ID="BT1316" LABEL="Head" DESCRIPTION="block type Head"/><OtherTag ID="BT1317" LABEL="Page number" DESCRIPTION="block type Page number"/><OtherTag ID="BT1318" LABEL="Catchword" DESCRIPTION="block type Catchword"/><OtherTag ID="BT1319" LABEL="Footnotes" DESCRIPTION="block type Footnotes"/>
    
  </Tags>
  
  <Layout>
    <Page WIDTH="1567"
          HEIGHT="2192"
          PHYSICAL_IMG_NR="26"
          ID="eSc_dummypage_">
      <PrintSpace HPOS="0"
                  VPOS="0"
                  WIDTH="1567"
                  HEIGHT="2192">
        
        <TextBlock HPOS="314"
                   VPOS="1592"
                   WIDTH="1022"
                   HEIGHT="155"
                   ID="eSc_textblock_31195cc5"
                   TAGREFS="BT1315">
          <Shape><Polygon POINTS="1336 1747 1336 1592 314 1592 314 1747"/></Shape>
          
        </TextBlock>
        
        <TextBlock HPOS="724"
                   VPOS="181"
                   WIDTH="201"
                   HEIGHT="46"
                   ID="eSc_textblock_897c07a1"
                   TAGREFS="BT1315">
          <Shape><Polygon POINTS="925 227 925 181 724 181 724 227"/></Shape>
          
        </TextBlock>
        
        <TextBlock HPOS="214"
                   VPOS="1752"
                   WIDTH="1272"
                   HEIGHT="242"
                   ID="eSc_textblock_2d8081bb"
                   TAGREFS="BT2">
          <Shape><Polygon POINTS="1486 1994 1486 1752 214 1752 214 1994"/></Shape>
          
        </TextBlock>
        
        <TextBlock HPOS="222"
                   VPOS="253"
                   WIDTH="1256"
                   HEIGHT="1289"
                   ID="eSc_textblock_1c3b3ada"
                   TAGREFS="BT2">
          <Shape><Polygon POINTS="1478 1542 1478 253 222 253 222 1542"/></Shape>
          
        </TextBlock>
        
        <TextBlock HPOS="230"
                   VPOS="181"
                   WIDTH="76"
                   HEIGHT="46"
                   ID="eSc_textblock_712730b6"
                   TAGREFS="BT1317">
          <Shape><Polygon POINTS="230 181 230 227 306 227 306 181"/></Shape>
          
        </TextBlock>
        

        
        <TextBlock ID="eSc_dummyblock_">
          
          
          <TextLine ID="eSc_line_7f320f88"
                    
                    BASELINE="230 301 1459 316" 
                    HPOS="228"
                    VPOS="253"
                    WIDTH="1231"
                    HEIGHT="79">
            <Shape><Polygon POINTS="230 301 230 253 1459 268 1459 316 1457 332 228 317"/></Shape>
	    <String CONTENT="در آمد ويك بار دیگر هضم ونضج يافت ، همه حيوة شد . آنچه زبده"
                    HPOS="228"
                    VPOS="253"
                    WIDTH="1231"
                    HEIGHT="79"></String>
          </TextLine>

          
          
          <TextLine ID="eSc_line_009a0087"
                    
                    BASELINE="232 389 1457 392" 
                    HPOS="230"
                    VPOS="348"
                    WIDTH="1227"
                    HEIGHT="59">
            <Shape><Polygon POINTS="232 389 232 348 1457 352 1457 392 1455 407 230 403"/></Shape>
	    <String CONTENT="وخااصهٔ آن حيوة بود که در دل است ، روح حيوانی شد؛ وانچه از"
                    HPOS="230"
                    VPOS="348"
                    WIDTH="1227"
                    HEIGHT="59"></String>
          </TextLine>

          
          
          <TextLine ID="eSc_line_822372cb"
                    
                    BASELINE="162 463 1460 482" 
                    HPOS="160"
                    VPOS="420"
                    WIDTH="1300"
                    HEIGHT="76">
            <Shape><Polygon POINTS="162 463 162 420 1460 438 1460 482 1459 496 160 478"/></Shape>
	    <String CONTENT="روح حيوانی باقی ماند ، روح حيوانی آنرا از راه شرائين بجملهٔ اعضا 5"
                    HPOS="160"
                    VPOS="420"
                    WIDTH="1300"
                    HEIGHT="76"></String>
          </TextLine>

          
          
          <TextLine ID="eSc_line_f7802e6e"
                    
                    BASELINE="228 538 508 553 1451 549" 
                    HPOS="226"
                    VPOS="496"
                    WIDTH="1225"
                    HEIGHT="70">
            <Shape><Polygon POINTS="228 538 230 496 508 511 1449 507 1451 549 1451 562 508 566 506 566 226 551"/></Shape>
	    <String CONTENT="فرستاد تا حيوة اعضا شد؛ وهمه اعضا بواسطهٔ روح حيوانی زنده شدند ،"
                    HPOS="226"
                    VPOS="496"
                    WIDTH="1225"
                    HEIGHT="70"></String>
          </TextLine>

          
          
          <TextLine ID="eSc_line_d29c4413"
                    
                    BASELINE="226 635 1459 632" 
                    HPOS="224"
                    VPOS="590"
                    WIDTH="1235"
                    HEIGHT="60">
            <Shape><Polygon POINTS="226 635 224 593 1457 590 1459 632 1459 646 226 650"/></Shape>
	    <String CONTENT="وقسام حيوة در بدن اين روح حيوانی است . وموضع اين روح حيوانی"
                    HPOS="224"
                    VPOS="590"
                    WIDTH="1235"
                    HEIGHT="60"></String>
          </TextLine>

          
          
          <TextLine ID="eSc_line_d76bc74b"
                    
                    BASELINE="804 706 1022 716 1459 712" 
                    HPOS="802"
                    VPOS="666"
                    WIDTH="657"
                    HEIGHT="61">
            <Shape><Polygon POINTS="804 706 804 666 1022 675 1457 672 1459 712 1459 723 1022 727 1020 727 802 717"/></Shape>
	    <String CONTENT="دل . است . ودل در یهلوی چپ است ."
                    HPOS="802"
                    VPOS="666"
                    WIDTH="657"
                    HEIGHT="61"></String>
          </TextLine>

          
          
          <TextLine ID="eSc_line_40aadbc4"
                    
                    BASELINE="226 794 687 787 1038 800 1354 794" 
                    HPOS="224"
                    VPOS="739"
                    WIDTH="1130"
                    HEIGHT="79">
            <Shape><Polygon POINTS="226 794 224 747 685 739 687 739 888 747 1038 752 1353 747 1354 794 1354 812 1038 818 1036 818 886 812 685 805 226 812"/></Shape>
	    <String CONTENT="9) وچون روح حيوانی قوت گرفت ، آنچه زبده وخلاصهٔ این"
                    HPOS="224"
                    VPOS="739"
                    WIDTH="1130"
                    HEIGHT="79"></String>
          </TextLine>

          
          
          <TextLine ID="eSc_line_4d124276"
                    
                    BASELINE="228 874 1459 882" 
                    HPOS="226"
                    VPOS="832"
                    WIDTH="1233"
                    HEIGHT="63">
            <Shape><Polygon POINTS="228 874 228 832 1459 840 1459 882 1457 895 226 887"/></Shape>
	    <String CONTENT="روح حيوانی بود ، دماغ آنرا جذب کرد . وچون در دماغ"
                    HPOS="226"
                    VPOS="832"
                    WIDTH="1233"
                    HEIGHT="63"></String>
          </TextLine>

          
          
          <TextLine ID="eSc_line_ba7b20b4"
                    
                    BASELINE="226 948 1457 957" 
                    HPOS="224"
                    VPOS="906"
                    WIDTH="1233"
                    HEIGHT="67">
            <Shape><Polygon POINTS="226 948 226 906 1457 915 1457 957 1455 973 224 964"/></Shape>
	    <String CONTENT="در آمد ، ويكبار دیگر هضم ونضج يافت ، آنچه زبده وخلاصه آن"
                    HPOS="224"
                    VPOS="906"
                    WIDTH="1233"
                    HEIGHT="67"></String>
          </TextLine>

          
          
          <TextLine ID="eSc_line_fc8b9bab"
                    
                    BASELINE="223 1035 744 1032 1451 1041" 
                    HPOS="221"
                    VPOS="990"
                    WIDTH="1230"
                    HEIGHT="67">
            <Shape><Polygon POINTS="223 1035 221 993 742 990 744 990 1451 999 1451 1041 1449 1057 742 1048 223 1052"/></Shape>
	    <String CONTENT="بود که در دماغ است ، روح نفسانی شد ؛ وآنچه از روح نفسانی"
                    HPOS="221"
                    VPOS="990"
                    WIDTH="1230"
                    HEIGHT="67"></String>
          </TextLine>

          
          
          <TextLine ID="eSc_line_bdb6bec8"
                    
                    BASELINE="221 1106 1451 1116" 
                    HPOS="219"
                    VPOS="1068"
                    WIDTH="1232"
                    HEIGHT="64">
            <Shape><Polygon POINTS="221 1106 221 1068 1451 1077 1451 1116 1449 1132 219 1123"/></Shape>
	    <String CONTENT="باقی ماند ، روح نفسانی آنرا ، از راه اعصاب بجملهٔ اعضا فرستاد تا"
                    HPOS="219"
                    VPOS="1068"
                    WIDTH="1232"
                    HEIGHT="64"></String>
          </TextLine>

          
          
          <TextLine ID="eSc_line_f9aeafb2"
                    
                    BASELINE="223 1198 480 1190 1455 1196" 
                    HPOS="221"
                    VPOS="1143"
                    WIDTH="1234"
                    HEIGHT="69">
            <Shape><Polygon POINTS="223 1198 221 1150 479 1143 480 1143 1455 1148 1455 1196 1453 1211 480 1205 223 1212"/></Shape>
	    <String CONTENT="حس وحركت ارادی در جملهٔ اعضا پيدا آمد ، وحقيقت حيوان این"
                    HPOS="221"
                    VPOS="1143"
                    WIDTH="1234"
                    HEIGHT="69"></String>
          </TextLine>

          
          
          <TextLine ID="eSc_line_1542d8d2"
                    
                    BASELINE="219 1271 1206 1280 1457 1273" 
                    HPOS="217"
                    VPOS="1231"
                    WIDTH="1240"
                    HEIGHT="65">
            <Shape><Polygon POINTS="219 1271 219 1231 1204 1240 1455 1233 1457 1273 1457 1289 1206 1296 1204 1296 217 1287"/></Shape>
	    <String CONTENT="است . واين جمله در يك ماه دیگر بود . عناصر وطبايع ومعدن"
                    HPOS="217"
                    VPOS="1231"
                    WIDTH="1240"
                    HEIGHT="65"></String>
          </TextLine>

          
          
          <TextLine ID="eSc_line_e5ceadf9"
                    
                    BASELINE="226 1355 1453 1360" 
                    HPOS="224"
                    VPOS="1317"
                    WIDTH="1229"
                    HEIGHT="54">
            <Shape><Polygon POINTS="226 1355 226 1317 1453 1322 1453 1360 1451 1371 224 1366"/></Shape>
	    <String CONTENT="ونبات وحيوان در چهار ماه تمام شدند ، هر يیك در ماهی . وبعد از"
                    HPOS="224"
                    VPOS="1317"
                    WIDTH="1229"
                    HEIGHT="54"></String>
          </TextLine>

          
          
          <TextLine ID="eSc_line_59482759"
                    
                    BASELINE="224 1430 1279 1444 1449 1437" 
                    HPOS="223"
                    VPOS="1384"
                    WIDTH="1226"
                    HEIGHT="80">
            <Shape><Polygon POINTS="224 1430 224 1384 1278 1399 1446 1391 1449 1437 1449 1457 1279 1464 1278 1464 223 1450"/></Shape>
	    <String CONTENT="حيوان چيزى ديگر نيست ، حيوان در آخرتست . &quot;وان الدار الآخرة"
                    HPOS="223"
                    VPOS="1384"
                    WIDTH="1226"
                    HEIGHT="80"></String>
          </TextLine>

          
          
          <TextLine ID="eSc_line_4f50d096"
                    
                    BASELINE="877 1510 1442 1521" 
                    HPOS="875"
                    VPOS="1468"
                    WIDTH="567"
                    HEIGHT="66">
            <Shape><Polygon POINTS="877 1510 877 1468 1442 1479 1442 1521 1440 1534 875 1523"/></Shape>
	    <String CONTENT="هى الحيوان لو كانوا يعلمون &quot;."
                    HPOS="875"
                    VPOS="1468"
                    WIDTH="567"
                    HEIGHT="66"></String>
          </TextLine>

          
          
          <TextLine ID="eSc_line_a03d882c"
                    
                    BASELINE="747 1622 916 1616" 
                    HPOS="746"
                    VPOS="1578"
                    WIDTH="170"
                    HEIGHT="60">
            <Shape><Polygon POINTS="747 1622 746 1583 914 1578 916 1616 916 1633 747 1638"/></Shape>
	    <String CONTENT="فقصل هفتم"
                    HPOS="746"
                    VPOS="1578"
                    WIDTH="170"
                    HEIGHT="60"></String>
          </TextLine>

          
          
          <TextLine ID="eSc_line_7d3487ea"
                    
                    BASELINE="358 1715 1311 1711" 
                    HPOS="356"
                    VPOS="1665"
                    WIDTH="955"
                    HEIGHT="61">
            <Shape><Polygon POINTS="358 1715 356 1669 1309 1665 1311 1711 1311 1722 358 1726"/></Shape>
	    <String CONTENT="در بیان حواس ده گانه پنج اندرونی وپنج بیرونی"
                    HPOS="356"
                    VPOS="1665"
                    WIDTH="955"
                    HEIGHT="61"></String>
          </TextLine>

          
          
          <TextLine ID="eSc_line_b15c7514"
                    
                    BASELINE="215 1801 1345 1812" 
                    HPOS="213"
                    VPOS="1762"
                    WIDTH="1132"
                    HEIGHT="68">
            <Shape><Polygon POINTS="215 1801 215 1762 1345 1773 1345 1812 1343 1830 213 1819"/></Shape>
	    <String CONTENT="ر10) بدان که روح نفسانی که در دماغ است مدرك ومحرك"
                    HPOS="213"
                    VPOS="1762"
                    WIDTH="1132"
                    HEIGHT="68"></String>
          </TextLine>

          
          
          <TextLine ID="eSc_line_38a10fcf"
                    
                    BASELINE="215 1888 1049 1899 1449 1888" 
                    HPOS="213"
                    VPOS="1846"
                    WIDTH="1236"
                    HEIGHT="68">
            <Shape><Polygon POINTS="215 1888 215 1846 1047 1857 1448 1846 1449 1888 1449 1903 1049 1914 1047 1914 213 1903"/></Shape>
	    <String CONTENT="است ، وادراك او بر دو قسم است : قسمی در ظاهر وقسمی در"
                    HPOS="213"
                    VPOS="1846"
                    WIDTH="1236"
                    HEIGHT="68"></String>
          </TextLine>

          
          
          <TextLine ID="eSc_line_b1a7e05d"
                    
                    BASELINE="210 1967 1439 1976" 
                    HPOS="208"
                    VPOS="1928"
                    WIDTH="1231"
                    HEIGHT="66">
            <Shape><Polygon POINTS="210 1967 210 1928 1439 1938 1439 1976 1437 1994 208 1985"/></Shape>
	    <String CONTENT="باطن . باز آنچه در ظاهر است پنج قسمت است وآنچه در باطن هم"
                    HPOS="208"
                    VPOS="1928"
                    WIDTH="1231"
                    HEIGHT="66"></String>
          </TextLine>

          
          
          <TextLine ID="eSc_line_a415f98a"
                    
                    BASELINE="744 219 897 219" 
                    HPOS="744"
                    VPOS="184"
                    WIDTH="153"
                    HEIGHT="47">
            <Shape><Polygon POINTS="744 219 744 184 897 184 897 219 897 231 744 231"/></Shape>
	    <String CONTENT="رسالهٔ اول"
                    HPOS="744"
                    VPOS="184"
                    WIDTH="153"
                    HEIGHT="47"></String>
          </TextLine>

          
          
          <TextLine ID="eSc_line_52799724"
                    
                    BASELINE="248 219 283 213" 
                    HPOS="243"
                    VPOS="184"
                    WIDTH="40"
                    HEIGHT="44">
            <Shape><Polygon POINTS="248 219 243 189 277 184 283 213 283 222 248 228"/></Shape>
	    <String CONTENT="21"
                    HPOS="243"
                    VPOS="184"
                    WIDTH="40"
                    HEIGHT="44"></String>
          </TextLine>

          
          
          <TextLine ID="eSc_line_401454ac"
                    
                    BASELINE="168 938 182 942" 
                    HPOS="164"
                    VPOS="902"
                    WIDTH="27"
                    HEIGHT="49">
            <Shape><Polygon POINTS="168 938 177 902 191 906 182 942 179 951 164 948"/></Shape>
	    <String CONTENT="2"
                    HPOS="164"
                    VPOS="902"
                    WIDTH="27"
                    HEIGHT="49"></String>
          </TextLine>

          
          
          <TextLine ID="eSc_line_f9b6b2f1"
                    
                    BASELINE="146 1183 173 1183" 
                    HPOS="146"
                    VPOS="1150"
                    WIDTH="27"
                    HEIGHT="46">
            <Shape><Polygon POINTS="146 1183 146 1150 173 1150 173 1183 173 1196 146 1196"/></Shape>
	    <String CONTENT=""
                    HPOS="146"
                    VPOS="1150"
                    WIDTH="27"
                    HEIGHT="46"></String>
          </TextLine>

          
          
          <TextLine ID="eSc_line_b74ca9ae"
                    
                    BASELINE="144 1428 177 1430" 
                    HPOS="142"
                    VPOS="1390"
                    WIDTH="37"
                    HEIGHT="49">
            <Shape><Polygon POINTS="144 1428 146 1390 179 1391 177 1430 175 1439 142 1437"/></Shape>
	    <String CONTENT="12"
                    HPOS="142"
                    VPOS="1390"
                    WIDTH="37"
                    HEIGHT="49"></String>
          </TextLine>

          
          
          <TextLine ID="eSc_line_480cfb24"
                    
                    BASELINE="140 1702 170 1702" 
                    HPOS="140"
                    VPOS="1671"
                    WIDTH="30"
                    HEIGHT="44">
            <Shape><Polygon POINTS="140 1702 140 1671 170 1671 170 1702 170 1715 140 1715"/></Shape>
	    <String CONTENT="14"
                    HPOS="140"
                    VPOS="1671"
                    WIDTH="30"
                    HEIGHT="44"></String>
          </TextLine>

          
          
          <TextLine ID="eSc_line_57010585"
                    
                    BASELINE="124 1965 181 1965" 
                    HPOS="124"
                    VPOS="1928"
                    WIDTH="57"
                    HEIGHT="46">
            <Shape><Polygon POINTS="124 1965 124 1928 181 1928 181 1965 181 1974 124 1974"/></Shape>
	    <String CONTENT="21"
                    HPOS="124"
                    VPOS="1928"
                    WIDTH="57"
                    HEIGHT="46"></String>
          </TextLine>

          
        </TextBlock>
        
      </PrintSpace>
    </Page>
  </Layout>
</alto>
