<?xml version="1.0" encoding="UTF-8"?>
<alto xmlns:xsi="http://www.w3.org/2001/XMLSchema-instance"
      xmlns="http://www.loc.gov/standards/alto/ns-v4#"
      xsi:schemaLocation="http://www.loc.gov/standards/alto/ns-v4# http://www.loc.gov/standards/alto/v4/alto-4-2.xsd">
  <Description>
    <MeasurementUnit>pixel</MeasurementUnit>
    <sourceImageInformation>
      <fileName>00026.jpg</fileName>
      
    </sourceImageInformation>
  </Description>
  
  <Tags>
    <OtherTag ID="BT2" LABEL="Main" DESCRIPTION="block type Main"/><OtherTag ID="BT4" LABEL="Illustration" DESCRIPTION="block type Illustration"/><OtherTag ID="BT1315" LABEL="Running title" DESCRIPTION="block type Running title"/><OtherTag ID="BT1316" LABEL="Head" DESCRIPTION="block type Head"/><OtherTag ID="BT1317" LABEL="Page number" DESCRIPTION="block type Page number"/><OtherTag ID="BT1318" LABEL="Catchword" DESCRIPTION="block type Catchword"/><OtherTag ID="BT1319" LABEL="Footnotes" DESCRIPTION="block type Footnotes"/>
    
  </Tags>
  
  <Layout>
    <Page WIDTH="1627"
          HEIGHT="2192"
          PHYSICAL_IMG_NR="25"
          ID="eSc_dummypage_">
      <PrintSpace HPOS="0"
                  VPOS="0"
                  WIDTH="1627"
                  HEIGHT="2192">
        
        <TextBlock HPOS="1365"
                   VPOS="1717"
                   WIDTH="13"
                   HEIGHT="12"
                   ID="eSc_textblock_b9f6bae1"
                   TAGREFS="BT">
          <Shape><Polygon POINTS="1365 1729 1365 1717 1378 1717 1378 1729"/></Shape>
          
        </TextBlock>
        
        <TextBlock HPOS="52"
                   VPOS="1788"
                   WIDTH="1248"
                   HEIGHT="239"
                   ID="eSc_textblock_ecdbd758"
                   TAGREFS="BT2">
          <Shape><Polygon POINTS="1300 2027 1300 1788 52 1788 52 2027"/></Shape>
          
        </TextBlock>
        
        <TextBlock HPOS="30"
                   VPOS="288"
                   WIDTH="1274"
                   HEIGHT="1305"
                   ID="eSc_textblock_a544718a"
                   TAGREFS="BT2">
          <Shape><Polygon POINTS="1304 1593 1304 288 30 288 30 1593"/></Shape>
          
        </TextBlock>
        
        <TextBlock HPOS="417"
                   VPOS="1627"
                   WIDTH="470"
                   HEIGHT="131"
                   ID="eSc_textblock_01de4b00"
                   TAGREFS="BT1315">
          <Shape><Polygon POINTS="887 1758 887 1627 417 1627 417 1758"/></Shape>
          
        </TextBlock>
        
        <TextBlock HPOS="487"
                   VPOS="193"
                   WIDTH="304"
                   HEIGHT="61"
                   ID="eSc_textblock_0e8784b2"
                   TAGREFS="BT1315">
          <Shape><Polygon POINTS="487 193 487 254 791 254 791 193"/></Shape>
          
        </TextBlock>
        
        <TextBlock HPOS="1191"
                   VPOS="188"
                   WIDTH="78"
                   HEIGHT="44"
                   ID="eSc_textblock_ec9a9a9f"
                   TAGREFS="BT1317">
          <Shape><Polygon POINTS="1191 188 1191 232 1269 232 1269 188"/></Shape>
          
        </TextBlock>
        

        
        <TextBlock ID="eSc_dummyblock_">
          
          
          <TextLine ID="eSc_line_d965047c"
                    
                    BASELINE="1206 219 1255 219" 
                    HPOS="1206"
                    VPOS="193"
                    WIDTH="49"
                    HEIGHT="37">
            <Shape><Polygon POINTS="1206 219 1206 193 1255 193 1255 219 1255 230 1206 230"/></Shape>
	    <String CONTENT="20"
                    HPOS="1206"
                    VPOS="193"
                    WIDTH="49"
                    HEIGHT="37"></String>
          </TextLine>

          
          
          <TextLine ID="eSc_line_6659f207"
                    
                    BASELINE="36 330 709 334 1257 314" 
                    HPOS="34"
                    VPOS="268"
                    WIDTH="1223"
                    HEIGHT="82">
            <Shape><Polygon POINTS="36 330 36 284 707 288 1255 268 1257 314 1257 330 709 350 707 350 34 347"/></Shape>
	    <String CONTENT="عضوى از اعضا بيرونی واندرونى قوتها پيدا آمدند : قوة جاذبه وقؤة"
                    HPOS="34"
                    VPOS="268"
                    WIDTH="1223"
                    HEIGHT="82"></String>
          </TextLine>

          
          
          <TextLine ID="eSc_line_41f4b21b"
                    
                    BASELINE="38 420 1261 389" 
                    HPOS="36"
                    VPOS="347"
                    WIDTH="1225"
                    HEIGHT="87">
            <Shape><Polygon POINTS="38 420 36 378 1259 347 1261 389 1261 403 38 434"/></Shape>
	    <String CONTENT="ماسكه وقوة هاضمه وقوة دافعه وقوة مغيره وقوة غاذيه وقوة ناميه. واين"
                    HPOS="36"
                    VPOS="347"
                    WIDTH="1225"
                    HEIGHT="87"></String>
          </TextLine>

          
          
          <TextLine ID="eSc_line_a17e6784"
                    
                    BASELINE="1314 469 1345 463" 
                    HPOS="1307"
                    VPOS="427"
                    WIDTH="40"
                    HEIGHT="51">
            <Shape><Polygon POINTS="1314 469 1307 432 1338 427 1345 463 1347 473 1316 478"/></Shape>
	    <String CONTENT="5"
                    HPOS="1307"
                    VPOS="427"
                    WIDTH="40"
                    HEIGHT="51"></String>
          </TextLine>

          
          
          <TextLine ID="eSc_line_01f0f756"
                    
                    BASELINE="36 493 469 496 1263 474" 
                    HPOS="34"
                    VPOS="427"
                    WIDTH="1229"
                    HEIGHT="86">
            <Shape><Polygon POINTS="36 493 36 445 467 449 1261 427 1263 474 1263 491 469 513 467 513 34 509"/></Shape>
	    <String CONTENT="قوتهارا ملایکه میخوانند . چون اعضا وجوارح وقوتها تمام شدند ، آنگاه"
                    HPOS="34"
                    VPOS="427"
                    WIDTH="1229"
                    HEIGHT="86"></String>
          </TextLine>

          
          
          <TextLine ID="eSc_line_764a5e61"
                    
                    BASELINE="40 579 839 568 1067 555 1257 558" 
                    HPOS="38"
                    VPOS="509"
                    WIDTH="1219"
                    HEIGHT="90">
            <Shape><Polygon POINTS="40 579 38 533 837 522 892 520 1063 509 1067 509 1257 513 1257 558 1255 579 1067 575 895 586 839 588 839 588 40 599"/></Shape>
	    <String CONTENT="فرزند طلب غذا آغاز کرد واز راه ناف خونی که در رحم مادر جمع"
                    HPOS="38"
                    VPOS="509"
                    WIDTH="1219"
                    HEIGHT="90"></String>
          </TextLine>

          
          
          <TextLine ID="eSc_line_aba3a7cb"
                    
                    BASELINE="43 659 1266 632" 
                    HPOS="42"
                    VPOS="591"
                    WIDTH="1224"
                    HEIGHT="84">
            <Shape><Polygon POINTS="43 659 42 619 1265 591 1266 632 1266 648 43 675"/></Shape>
	    <String CONTENT="شده بود بخود کشید . چون آن خون در معدهٔ فرزند در آمد ویکبار"
                    HPOS="42"
                    VPOS="591"
                    WIDTH="1224"
                    HEIGHT="84"></String>
          </TextLine>

          
          
          <TextLine ID="eSc_line_acd29c98"
                    
                    BASELINE="42 745 546 741 1274 719" 
                    HPOS="40"
                    VPOS="670"
                    WIDTH="1234"
                    HEIGHT="93">
            <Shape><Polygon POINTS="42 745 40 695 544 692 1272 670 1274 719 1274 737 546 759 546 759 42 763"/></Shape>
	    <String CONTENT="دیگر هضم شد ونضج یافت جگر آن کیلوسرا از راه ماساریقا بخود"
                    HPOS="40"
                    VPOS="670"
                    WIDTH="1234"
                    HEIGHT="93"></String>
          </TextLine>

          
          
          <TextLine ID="eSc_line_80f3a69f"
                    
                    BASELINE="40 820 1042 811 1259 800" 
                    HPOS="38"
                    VPOS="756"
                    WIDTH="1221"
                    HEIGHT="86">
            <Shape><Polygon POINTS="40 820 38 776 1040 767 1255 756 1259 800 1259 822 1042 832 1042 832 40 842"/></Shape>
	    <String CONTENT="كشيد . وچون در جگر در آمد ويك بار دیگر هضم ونضج يافت ،"
                    HPOS="38"
                    VPOS="756"
                    WIDTH="1221"
                    HEIGHT="86"></String>
          </TextLine>

          
          
          <TextLine ID="eSc_line_7dac135c"
                    
                    BASELINE="42 898 758 895 1263 878" 
                    HPOS="40"
                    VPOS="832"
                    WIDTH="1223"
                    HEIGHT="84">
            <Shape><Polygon POINTS="42 898 40 853 756 849 1261 832 1263 878 1263 896 758 913 758 913 42 916"/></Shape>
	    <String CONTENT="آنچه زبده وخلاصهٔ آن کیموس بود که در جگر است روح نباتی شد،"
                    HPOS="40"
                    VPOS="832"
                    WIDTH="1223"
                    HEIGHT="84"></String>
          </TextLine>

          
          
          <TextLine ID="eSc_line_04752231"
                    
                    BASELINE="45 979 574 979 1277 960" 
                    HPOS="45"
                    VPOS="918"
                    WIDTH="1232"
                    HEIGHT="79">
            <Shape><Polygon POINTS="45 979 45 937 572 937 1276 918 1277 960 1277 979 574 997 574 997 45 997"/></Shape>
	    <String CONTENT="وانچه باقی ماند بعضی صفرا وبعضى خون وبعضی بلغم و بعضی سودا گشت."
                    HPOS="45"
                    VPOS="918"
                    WIDTH="1232"
                    HEIGHT="79"></String>
          </TextLine>

          
          
          <TextLine ID="eSc_line_b6df6b56"
                    
                    BASELINE="47 1066 1272 1041" 
                    HPOS="45"
                    VPOS="997"
                    WIDTH="1227"
                    HEIGHT="84">
            <Shape><Polygon POINTS="47 1066 45 1022 1270 997 1272 1041 1272 1055 47 1081"/></Shape>
	    <String CONTENT="آنچه صفرا بود زهره آنرا بخود کشید ، وآنچه سودا بود سپرز آن را"
                    HPOS="45"
                    VPOS="997"
                    WIDTH="1227"
                    HEIGHT="84"></String>
          </TextLine>

          
          
          <TextLine ID="eSc_line_f7d4db27"
                    
                    BASELINE="49 1148 656 1147 935 1132 1276 1128" 
                    HPOS="47"
                    VPOS="1077"
                    WIDTH="1229"
                    HEIGHT="92">
            <Shape><Polygon POINTS="49 1148 47 1097 654 1096 879 1085 932 1081 934 1081 1274 1077 1276 1128 1276 1148 935 1152 882 1154 656 1167 656 1167 49 1169"/></Shape>
	    <String CONTENT="بخود کشید وآنچه بلغم بود روح نباتی آنرا بر جملۀ بدن قسمت کرد"
                    HPOS="47"
                    VPOS="1077"
                    WIDTH="1229"
                    HEIGHT="92"></String>
          </TextLine>

          
          
          <TextLine ID="eSc_line_d538bc00"
                    
                    BASELINE="49 1234 1276 1214" 
                    HPOS="47"
                    VPOS="1169"
                    WIDTH="1229"
                    HEIGHT="80">
            <Shape><Polygon POINTS="49 1234 47 1189 1274 1169 1276 1214 1276 1229 49 1249"/></Shape>
	    <String CONTENT="از برای چند حکمت ، وآنچه خون بود روح نباتی آن را از راه آورده"
                    HPOS="47"
                    VPOS="1169"
                    WIDTH="1229"
                    HEIGHT="80"></String>
          </TextLine>

          
          
          <TextLine ID="eSc_line_f6ba98b2"
                    
                    BASELINE="49 1327 499 1307 1286 1298" 
                    HPOS="47"
                    VPOS="1256"
                    WIDTH="1239"
                    HEIGHT="88">
            <Shape><Polygon POINTS="49 1327 47 1285 497 1265 497 1265 1285 1256 1286 1298 1286 1315 499 1324 49 1344"/></Shape>
	    <String CONTENT="بجملهٔ اعضا فرستاد تا غذای اعضا شد ؛ وقسام غذا در بدن این روح"
                    HPOS="47"
                    VPOS="1256"
                    WIDTH="1239"
                    HEIGHT="88"></String>
          </TextLine>

          
          
          <TextLine ID="eSc_line_6d2bdb18"
                    
                    BASELINE="49 1402 802 1397 1281 1377" 
                    HPOS="47"
                    VPOS="1331"
                    WIDTH="1234"
                    HEIGHT="91">
            <Shape><Polygon POINTS="49 1402 47 1357 800 1351 1277 1331 1281 1377 1281 1397 802 1417 802 1417 49 1422"/></Shape>
	    <String CONTENT="نباتی است ، وموضع این روح نباتی جگر است وجگر در پهلوی"
                    HPOS="47"
                    VPOS="1331"
                    WIDTH="1234"
                    HEIGHT="91"></String>
          </TextLine>

          
          
          <TextLine ID="eSc_line_1fdf4d70"
                    
                    BASELINE="47 1483 983 1475 1279 1464" 
                    HPOS="45"
                    VPOS="1422"
                    WIDTH="1234"
                    HEIGHT="81">
            <Shape><Polygon POINTS="47 1483 45 1441 981 1433 1277 1422 1279 1464 1279 1485 983 1496 983 1496 47 1503"/></Shape>
	    <String CONTENT="راست است . چون غذا بجملهٔ اعضا رسيد نشو ونما ظاهر شد وحقيقت"
                    HPOS="45"
                    VPOS="1422"
                    WIDTH="1234"
                    HEIGHT="81"></String>
          </TextLine>

          
          
          <TextLine ID="eSc_line_903dc9ff"
                    
                    BASELINE="297 1565 1279 1547" 
                    HPOS="296"
                    VPOS="1505"
                    WIDTH="983"
                    HEIGHT="75">
            <Shape><Polygon POINTS="297 1565 296 1523 1277 1505 1279 1547 1279 1561 297 1580"/></Shape>
	    <String CONTENT="نبات اين است . واین جمله در یک ماه دیگ بود ."
                    HPOS="296"
                    VPOS="1505"
                    WIDTH="983"
                    HEIGHT="75"></String>
          </TextLine>

          
          
          <TextLine ID="eSc_line_615cc6aa"
                    
                    BASELINE="595 1669 747 1664" 
                    HPOS="594"
                    VPOS="1623"
                    WIDTH="153"
                    HEIGHT="63">
            <Shape><Polygon POINTS="595 1669 594 1629 745 1623 747 1664 747 1680 595 1686"/></Shape>
	    <String CONTENT="فصل ششم"
                    HPOS="594"
                    VPOS="1623"
                    WIDTH="153"
                    HEIGHT="63"></String>
          </TextLine>

          
          
          <TextLine ID="eSc_line_5f79f1c3"
                    
                    BASELINE="484 1744 842 1729" 
                    HPOS="482"
                    VPOS="1686"
                    WIDTH="360"
                    HEIGHT="71">
            <Shape><Polygon POINTS="484 1744 482 1700 840 1686 842 1729 842 1742 484 1757"/></Shape>
	    <String CONTENT="در بیان روح حیوانی"
                    HPOS="482"
                    VPOS="1686"
                    WIDTH="360"
                    HEIGHT="71"></String>
          </TextLine>

          
          
          <TextLine ID="eSc_line_22a723c8"
                    
                    BASELINE="56 1839 334 1843 793 1826 1191 1823" 
                    HPOS="54"
                    VPOS="1779"
                    WIDTH="1137"
                    HEIGHT="82">
            <Shape><Polygon POINTS="56 1839 56 1795 332 1799 691 1786 791 1782 791 1782 1190 1779 1191 1823 1191 1841 793 1844 694 1848 334 1861 332 1861 54 1857"/></Shape>
	    <String CONTENT="(8) چون نشو ونما ظاهر شد ونبات تمام گشت وروح نباتی قوت"
                    HPOS="54"
                    VPOS="1779"
                    WIDTH="1137"
                    HEIGHT="82"></String>
          </TextLine>

          
          
          <TextLine ID="eSc_line_514affce"
                    
                    BASELINE="54 1919 1277 1903" 
                    HPOS="53"
                    VPOS="1859"
                    WIDTH="1224"
                    HEIGHT="75">
            <Shape><Polygon POINTS="54 1919 53 1875 1276 1859 1277 1903 1277 1918 54 1934"/></Shape>
	    <String CONTENT="گرفت ومعده وجگر قوی گشتند وبرهضم غذا قادر شدند ، آنگاه آنچه"
                    HPOS="53"
                    VPOS="1859"
                    WIDTH="1224"
                    HEIGHT="75"></String>
          </TextLine>

          
          
          <TextLine ID="eSc_line_bc1827c0"
                    
                    BASELINE="58 2009 948 1998 1383 1978" 
                    HPOS="56"
                    VPOS="1930"
                    WIDTH="1327"
                    HEIGHT="97">
            <Shape><Polygon POINTS="58 2009 56 1961 946 1950 1380 1930 1383 1978 1383 1996 948 2016 948 2016 58 2027"/></Shape>
	    <String CONTENT="1 زبده وخلاصۀ این روح نباتی بود ، دل آنرا جذب کرد. وچون در دل"
                    HPOS="56"
                    VPOS="1930"
                    WIDTH="1327"
                    HEIGHT="97"></String>
          </TextLine>

          
          
          <TextLine ID="eSc_line_40b39c2f"
                    
                    BASELINE="1316 719 1339 716" 
                    HPOS="1310"
                    VPOS="681"
                    WIDTH="31"
                    HEIGHT="51">
            <Shape><Polygon POINTS="1316 719 1310 685 1334 681 1339 716 1341 728 1318 732"/></Shape>
	    <String CONTENT=""
                    HPOS="1310"
                    VPOS="681"
                    WIDTH="31"
                    HEIGHT="51"></String>
          </TextLine>

          
          
          <TextLine ID="eSc_line_6f347068"
                    
                    BASELINE="500 237 775 231" 
                    HPOS="499"
                    VPOS="197"
                    WIDTH="276"
                    HEIGHT="51">
            <Shape><Polygon POINTS="500 237 499 202 773 197 775 231 775 242 500 248"/></Shape>
	    <String CONTENT="كتاب الانسان الكامل"
                    HPOS="499"
                    VPOS="197"
                    WIDTH="276"
                    HEIGHT="51"></String>
          </TextLine>

          
          
          <TextLine ID="eSc_line_4389ea3f"
                    
                    BASELINE="1312 959 1352 959" 
                    HPOS="1312"
                    VPOS="926"
                    WIDTH="40"
                    HEIGHT="45">
            <Shape><Polygon POINTS="1312 959 1312 926 1352 926 1352 959 1352 971 1312 971"/></Shape>
	    <String CONTENT="2"
                    HPOS="1312"
                    VPOS="926"
                    WIDTH="40"
                    HEIGHT="45"></String>
          </TextLine>

          
          
          <TextLine ID="eSc_line_0ca5e926"
                    
                    BASELINE="1330 1203 1352 1203" 
                    HPOS="1330"
                    VPOS="1169"
                    WIDTH="22"
                    HEIGHT="45">
            <Shape><Polygon POINTS="1330 1203 1330 1169 1352 1169 1352 1203 1352 1214 1330 1214"/></Shape>
	    <String CONTENT="4"
                    HPOS="1330"
                    VPOS="1169"
                    WIDTH="22"
                    HEIGHT="45"></String>
          </TextLine>

          
          
          <TextLine ID="eSc_line_71765db5"
                    
                    BASELINE="1319 1731 1367 1735" 
                    HPOS="1318"
                    VPOS="1698"
                    WIDTH="51"
                    HEIGHT="50">
            <Shape><Polygon POINTS="1319 1731 1321 1698 1369 1702 1367 1735 1365 1748 1318 1744"/></Shape>
	    <String CONTENT="15"
                    HPOS="1318"
                    VPOS="1698"
                    WIDTH="51"
                    HEIGHT="50"></String>
          </TextLine>

          
        </TextBlock>
        
      </PrintSpace>
    </Page>
  </Layout>
</alto>
