<?xml version="1.0" encoding="UTF-8"?>
<alto xmlns:xsi="http://www.w3.org/2001/XMLSchema-instance"
      xmlns="http://www.loc.gov/standards/alto/ns-v4#"
      xsi:schemaLocation="http://www.loc.gov/standards/alto/ns-v4# http://www.loc.gov/standards/alto/v4/alto-4-2.xsd">
  <Description>
    <MeasurementUnit>pixel</MeasurementUnit>
    <sourceImageInformation>
      <fileName>00025.jpg</fileName>
      
    </sourceImageInformation>
  </Description>
  
  <Tags>
    <OtherTag ID="BT2" LABEL="Main" DESCRIPTION="block type Main"/><OtherTag ID="BT4" LABEL="Illustration" DESCRIPTION="block type Illustration"/><OtherTag ID="BT1315" LABEL="Running title" DESCRIPTION="block type Running title"/><OtherTag ID="BT1316" LABEL="Head" DESCRIPTION="block type Head"/><OtherTag ID="BT1317" LABEL="Page number" DESCRIPTION="block type Page number"/><OtherTag ID="BT1318" LABEL="Catchword" DESCRIPTION="block type Catchword"/><OtherTag ID="BT1319" LABEL="Footnotes" DESCRIPTION="block type Footnotes"/>
    
  </Tags>
  
  <Layout>
    <Page WIDTH="1565"
          HEIGHT="2198"
          PHYSICAL_IMG_NR="24"
          ID="eSc_dummypage_">
      <PrintSpace HPOS="0"
                  VPOS="0"
                  WIDTH="1565"
                  HEIGHT="2198">
        
        <TextBlock HPOS="631"
                   VPOS="1799"
                   WIDTH="393"
                   HEIGHT="134"
                   ID="eSc_textblock_0e460b23"
                   TAGREFS="BT1315">
          <Shape><Polygon POINTS="1024 1933 1024 1799 631 1799 631 1933"/></Shape>
          
        </TextBlock>
        
        <TextBlock HPOS="669"
                   VPOS="767"
                   WIDTH="335"
                   HEIGHT="142"
                   ID="eSc_textblock_ccb9acaf"
                   TAGREFS="BT1315">
          <Shape><Polygon POINTS="1004 909 1004 767 669 767 669 909"/></Shape>
          
        </TextBlock>
        
        <TextBlock HPOS="753"
                   VPOS="198"
                   WIDTH="188"
                   HEIGHT="50"
                   ID="eSc_textblock_b3f0871c"
                   TAGREFS="BT1315">
          <Shape><Polygon POINTS="941 248 941 198 753 198 753 248"/></Shape>
          
        </TextBlock>
        
        <TextBlock HPOS="197"
                   VPOS="1946"
                   WIDTH="1191"
                   HEIGHT="96"
                   ID="eSc_textblock_ac794217"
                   TAGREFS="BT2">
          <Shape><Polygon POINTS="1388 2042 1388 1946 197 1946 197 2042"/></Shape>
          
        </TextBlock>
        
        <TextBlock HPOS="201"
                   VPOS="942"
                   WIDTH="1267"
                   HEIGHT="807"
                   ID="eSc_textblock_34d19577"
                   TAGREFS="BT2">
          <Shape><Polygon POINTS="1468 1749 1468 942 201 942 201 1749"/></Shape>
          
        </TextBlock>
        
        <TextBlock HPOS="205"
                   VPOS="269"
                   WIDTH="1284"
                   HEIGHT="493"
                   ID="eSc_textblock_d1ff13fd"
                   TAGREFS="BT2">
          <Shape><Polygon POINTS="1489 762 1489 269 205 269 205 762"/></Shape>
          
        </TextBlock>
        
        <TextBlock HPOS="217"
                   VPOS="185"
                   WIDTH="92"
                   HEIGHT="55"
                   ID="eSc_textblock_727bb5ff"
                   TAGREFS="BT1317">
          <Shape><Polygon POINTS="217 185 217 240 309 240 309 185"/></Shape>
          
        </TextBlock>
        

        
        <TextBlock ID="eSc_dummyblock_">
          
          
          <TextLine ID="eSc_line_99cd4ae7"
                    
                    BASELINE="212 316 1455 335" 
                    HPOS="210"
                    VPOS="276"
                    WIDTH="1245"
                    HEIGHT="75">
            <Shape><Polygon POINTS="212 316 212 276 1455 294 1455 335 1453 351 210 333"/></Shape>
	    <String CONTENT="ومتصل ببلغم ومحيط بلغم است خون می گویند وخون گرم وتر است"
                    HPOS="210"
                    VPOS="276"
                    WIDTH="1245"
                    HEIGHT="75"></String>
          </TextLine>

          
          
          <TextLine ID="eSc_line_95564866"
                    
                    BASELINE="212 399 1456 415" 
                    HPOS="210"
                    VPOS="357"
                    WIDTH="1246"
                    HEIGHT="71">
            <Shape><Polygon POINTS="212 399 212 357 1456 373 1456 415 1455 428 210 412"/></Shape>
	    <String CONTENT="وطبيعت هوا دارد لاجرم بجاى هوا افتاد . وآن طبققرا كه بالای خون"
                    HPOS="210"
                    VPOS="357"
                    WIDTH="1246"
                    HEIGHT="71"></String>
          </TextLine>

          
          
          <TextLine ID="eSc_line_bfbe43f4"
                    
                    BASELINE="212 489 511 483 1266 498 1453 492" 
                    HPOS="210"
                    VPOS="437"
                    WIDTH="1243"
                    HEIGHT="77">
            <Shape><Polygon POINTS="212 489 210 443 509 437 511 437 899 445 1264 452 1451 446 1453 492 1453 509 1266 514 1264 514 897 507 509 500 212 505"/></Shape>
	    <String CONTENT="است ومتصل بخون ومحيط خون است صفرا می گویند ، وصفرا گرم"
                    HPOS="210"
                    VPOS="437"
                    WIDTH="1243"
                    HEIGHT="77"></String>
          </TextLine>

          
          
          <TextLine ID="eSc_line_663145ac"
                    
                    BASELINE="212 558 1449 573" 
                    HPOS="210"
                    VPOS="516"
                    WIDTH="1239"
                    HEIGHT="71">
            <Shape><Polygon POINTS="212 558 212 516 1449 531 1449 573 1447 587 210 573"/></Shape>
	    <String CONTENT="وخشك است وطبيعت آتش دارد . لاجرم بجای آتش افتاد و آن ییك"
                    HPOS="210"
                    VPOS="516"
                    WIDTH="1239"
                    HEIGHT="71"></String>
          </TextLine>

          
          
          <TextLine ID="eSc_line_eea41a47"
                    
                    BASELINE="214 635 714 652 1453 652" 
                    HPOS="212"
                    VPOS="591"
                    WIDTH="1241"
                    HEIGHT="77">
            <Shape><Polygon POINTS="214 635 214 591 714 608 1453 608 1453 652 1453 668 714 668 712 668 212 652"/></Shape>
	    <String CONTENT="جوهر که نامش نطفه بود ، چهار عنصر وچهار طبيعت شد واین جمله"
                    HPOS="212"
                    VPOS="591"
                    WIDTH="1241"
                    HEIGHT="77"></String>
          </TextLine>

          
          
          <TextLine ID="eSc_line_5dae1af7"
                    
                    BASELINE="1145 723 1449 729" 
                    HPOS="1143"
                    VPOS="688"
                    WIDTH="306"
                    HEIGHT="55">
            <Shape><Polygon POINTS="1145 723 1145 688 1449 694 1449 729 1447 743 1143 738"/></Shape>
	    <String CONTENT="در ييك ماه بود ."
                    HPOS="1143"
                    VPOS="688"
                    WIDTH="306"
                    HEIGHT="55"></String>
          </TextLine>

          
          
          <TextLine ID="eSc_line_5998eec2"
                    
                    BASELINE="731 820 925 813" 
                    HPOS="729"
                    VPOS="769"
                    WIDTH="196"
                    HEIGHT="66">
            <Shape><Polygon POINTS="731 820 729 776 923 769 925 813 925 827 731 835"/></Shape>
	    <String CONTENT="فصل چهارم"
                    HPOS="729"
                    VPOS="769"
                    WIDTH="196"
                    HEIGHT="66"></String>
          </TextLine>

          
          
          <TextLine ID="eSc_line_7926512a"
                    
                    BASELINE="696 901 982 901" 
                    HPOS="696"
                    VPOS="862"
                    WIDTH="286"
                    HEIGHT="53">
            <Shape><Polygon POINTS="696 901 696 862 982 862 982 901 982 915 696 915"/></Shape>
	    <String CONTENT="در بيان موالید"
                    HPOS="696"
                    VPOS="862"
                    WIDTH="286"
                    HEIGHT="53"></String>
          </TextLine>

          
          
          <TextLine ID="eSc_line_30e62402"
                    
                    BASELINE="146 994 921 989 1350 996" 
                    HPOS="144"
                    VPOS="943"
                    WIDTH="1206"
                    HEIGHT="71">
            <Shape><Polygon POINTS="146 994 144 948 919 943 921 943 1350 950 1350 996 1348 1014 919 1007 146 1012"/></Shape>
	    <String CONTENT="(6) چون عناصر وطبايع تمام شدند ، آنگاه ازين عناصر وطبایع 5"
                    HPOS="144"
                    VPOS="943"
                    WIDTH="1206"
                    HEIGHT="71"></String>
          </TextLine>

          
          
          <TextLine ID="eSc_line_742b3179"
                    
                    BASELINE="218 1073 1092 1069 1453 1080" 
                    HPOS="216"
                    VPOS="1022"
                    WIDTH="1237"
                    HEIGHT="73">
            <Shape><Polygon POINTS="218 1073 216 1025 1090 1022 1092 1022 1453 1033 1453 1080 1451 1095 1090 1084 218 1088"/></Shape>
	    <String CONTENT="چهار گانه مواليد سه گانه پيدا آمدند . اول معدن ، دوم نبات ، سیم"
                    HPOS="216"
                    VPOS="1022"
                    WIDTH="1237"
                    HEIGHT="73"></String>
          </TextLine>

          
          
          <TextLine ID="eSc_line_b600fdaa"
                    
                    BASELINE="207 1146 1445 1157" 
                    HPOS="205"
                    VPOS="1104"
                    WIDTH="1240"
                    HEIGHT="68">
            <Shape><Polygon POINTS="207 1146 207 1104 1445 1115 1445 1157 1444 1172 205 1161"/></Shape>
	    <String CONTENT="حيوان ، يعنى این عناصر وطبایع چهار گاندرا قسام قسمت کرد و تمامت"
                    HPOS="205"
                    VPOS="1104"
                    WIDTH="1240"
                    HEIGHT="68"></String>
          </TextLine>

          
          
          <TextLine ID="eSc_line_6585bbf0"
                    
                    BASELINE="214 1229 766 1238 879 1230 1149 1236 1442 1229" 
                    HPOS="212"
                    VPOS="1181"
                    WIDTH="1230"
                    HEIGHT="73">
            <Shape><Polygon POINTS="214 1229 214 1181 764 1190 875 1183 879 1183 1147 1188 1440 1181 1442 1229 1442 1245 1149 1252 1147 1252 879 1247 766 1254 764 1254 212 1245"/></Shape>
	    <String CONTENT="اعضای انسان پيدا آورد : اعضای اندرونی وبيرونی واین اعضا معادناند ."
                    HPOS="212"
                    VPOS="1181"
                    WIDTH="1230"
                    HEIGHT="73"></String>
          </TextLine>

          
          
          <TextLine ID="eSc_line_2173c865"
                    
                    BASELINE="208 1305 1445 1315" 
                    HPOS="207"
                    VPOS="1271"
                    WIDTH="1238"
                    HEIGHT="60">
            <Shape><Polygon POINTS="208 1305 208 1271 1445 1280 1445 1315 1444 1331 207 1322"/></Shape>
	    <String CONTENT="هر عضویرا مقداری معين از سودا وبلغم وخون وصفرا می فرستاد :"
                    HPOS="207"
                    VPOS="1271"
                    WIDTH="1238"
                    HEIGHT="60"></String>
          </TextLine>

          
          
          <TextLine ID="eSc_line_3f5158dc"
                    
                    BASELINE="205 1388 520 1386 1000 1403 1438 1397" 
                    HPOS="203"
                    VPOS="1340"
                    WIDTH="1235"
                    HEIGHT="79">
            <Shape><Polygon POINTS="205 1388 203 1342 518 1340 520 1340 676 1344 1000 1357 1436 1351 1438 1397 1438 1414 1000 1419 998 1419 674 1406 518 1403 205 1404"/></Shape>
	    <String CONTENT="بعضى را از هر چهار برابر وبغضىرا متفاوت ، چنانکه حكمت اقتضا"
                    HPOS="203"
                    VPOS="1340"
                    WIDTH="1235"
                    HEIGHT="79"></String>
          </TextLine>

          
          
          <TextLine ID="eSc_line_e3d4b3c9"
                    
                    BASELINE="219 1468 518 1465 722 1478 1150 1470 1444 1479" 
                    HPOS="218"
                    VPOS="1417"
                    WIDTH="1226"
                    HEIGHT="79">
            <Shape><Polygon POINTS="219 1468 218 1421 516 1417 520 1417 637 1425 722 1430 899 1428 1149 1423 1150 1423 1444 1432 1444 1479 1442 1496 1149 1487 899 1490 722 1494 720 1494 634 1489 516 1481 219 1485"/></Shape>
	    <String CONTENT="می کرد ، تا تمامت اعضاء اندرونی وبيرونی پیدا آمدند ، وهمهرا با"
                    HPOS="218"
                    VPOS="1417"
                    WIDTH="1226"
                    HEIGHT="79"></String>
          </TextLine>

          
          
          <TextLine ID="eSc_line_abf72556"
                    
                    BASELINE="205 1553 1447 1553" 
                    HPOS="205"
                    VPOS="1516"
                    WIDTH="1242"
                    HEIGHT="51">
            <Shape><Polygon POINTS="205 1553 205 1516 1447 1516 1447 1553 1447 1567 205 1567"/></Shape>
	    <String CONTENT="همدیگر بسته کرد ومجاری غذا ومجاری حیوة ومجاری حس ومجاری"
                    HPOS="205"
                    VPOS="1516"
                    WIDTH="1242"
                    HEIGHT="51"></String>
          </TextLine>

          
          
          <TextLine ID="eSc_line_abea7280"
                    
                    BASELINE="203 1626 1442 1633" 
                    HPOS="201"
                    VPOS="1588"
                    WIDTH="1241"
                    HEIGHT="60">
            <Shape><Polygon POINTS="203 1626 203 1588 1442 1595 1442 1633 1440 1648 201 1641"/></Shape>
	    <String CONTENT="حركت ارادی پیدا اورد تا معادن تمام شدند ، واین جمله در یك"
                    HPOS="201"
                    VPOS="1588"
                    WIDTH="1241"
                    HEIGHT="60"></String>
          </TextLine>

          
          
          <TextLine ID="eSc_line_204b89fc"
                    
                    BASELINE="1176 1716 1442 1710" 
                    HPOS="1174"
                    VPOS="1672"
                    WIDTH="268"
                    HEIGHT="60">
            <Shape><Polygon POINTS="1176 1716 1174 1677 1440 1672 1442 1710 1442 1727 1176 1732"/></Shape>
	    <String CONTENT="ماه دیگر بود ."
                    HPOS="1174"
                    VPOS="1672"
                    WIDTH="268"
                    HEIGHT="60"></String>
          </TextLine>

          
          
          <TextLine ID="eSc_line_6cc3980f"
                    
                    BASELINE="758 1833 890 1828" 
                    HPOS="756"
                    VPOS="1789"
                    WIDTH="134"
                    HEIGHT="59">
            <Shape><Polygon POINTS="758 1833 756 1795 888 1789 890 1828 890 1842 758 1848"/></Shape>
	    <String CONTENT="مصل پنج"
                    HPOS="756"
                    VPOS="1789"
                    WIDTH="134"
                    HEIGHT="59"></String>
          </TextLine>

          
          
          <TextLine ID="eSc_line_b623a77d"
                    
                    BASELINE="645 1912 996 1904" 
                    HPOS="643"
                    VPOS="1859"
                    WIDTH="353"
                    HEIGHT="66">
            <Shape><Polygon POINTS="645 1912 643 1866 995 1859 996 1904 996 1917 645 1925"/></Shape>
	    <String CONTENT="در بيان روح نباتی"
                    HPOS="643"
                    VPOS="1859"
                    WIDTH="353"
                    HEIGHT="66"></String>
          </TextLine>

          
          
          <TextLine ID="eSc_line_a3c53ff9"
                    
                    BASELINE="104 1991 1337 2000" 
                    HPOS="102"
                    VPOS="1948"
                    WIDTH="1235"
                    HEIGHT="65">
            <Shape><Polygon POINTS="104 1991 104 1948 1337 1958 1337 2000 1335 2013 102 2003"/></Shape>
	    <String CONTENT="(7) چون اعضا تمام شدند ومعادن تمام گشتند ، آنگاه در هر 1"
                    HPOS="102"
                    VPOS="1948"
                    WIDTH="1235"
                    HEIGHT="65"></String>
          </TextLine>

          
          
          <TextLine ID="eSc_line_e1fec82b"
                    
                    BASELINE="764 227 916 227" 
                    HPOS="764"
                    VPOS="192"
                    WIDTH="152"
                    HEIGHT="49">
            <Shape><Polygon POINTS="764 227 764 192 916 192 916 227 916 241 764 241"/></Shape>
	    <String CONTENT="رسالهٔ اول"
                    HPOS="764"
                    VPOS="192"
                    WIDTH="152"
                    HEIGHT="49"></String>
          </TextLine>

          
          
          <TextLine ID="eSc_line_8b95441b"
                    
                    BASELINE="236 223 276 217" 
                    HPOS="230"
                    VPOS="188"
                    WIDTH="48"
                    HEIGHT="48">
            <Shape><Polygon POINTS="236 223 230 194 271 188 276 217 278 230 238 236"/></Shape>
	    <String CONTENT="19"
                    HPOS="230"
                    VPOS="188"
                    WIDTH="48"
                    HEIGHT="48"></String>
          </TextLine>

          
          
          <TextLine ID="eSc_line_7f177483"
                    
                    BASELINE="130 1238 164 1238" 
                    HPOS="130"
                    VPOS="1203"
                    WIDTH="34"
                    HEIGHT="49">
            <Shape><Polygon POINTS="130 1238 130 1203 164 1203 164 1238 164 1252 130 1252"/></Shape>
	    <String CONTENT="14"
                    HPOS="130"
                    VPOS="1203"
                    WIDTH="34"
                    HEIGHT="49"></String>
          </TextLine>

          
          
          <TextLine ID="eSc_line_fbf9efba"
                    
                    BASELINE="128 1470 164 1472" 
                    HPOS="126"
                    VPOS="1437"
                    WIDTH="38"
                    HEIGHT="46">
            <Shape><Polygon POINTS="128 1470 128 1437 164 1439 164 1472 163 1483 126 1481"/></Shape>
	    <String CONTENT="15"
                    HPOS="126"
                    VPOS="1437"
                    WIDTH="38"
                    HEIGHT="46"></String>
          </TextLine>

          
        </TextBlock>
        
      </PrintSpace>
    </Page>
  </Layout>
</alto>
