<?xml version="1.0" encoding="UTF-8"?>
<alto xmlns:xsi="http://www.w3.org/2001/XMLSchema-instance"
      xmlns="http://www.loc.gov/standards/alto/ns-v4#"
      xsi:schemaLocation="http://www.loc.gov/standards/alto/ns-v4# http://www.loc.gov/standards/alto/v4/alto-4-2.xsd">
  <Description>
    <MeasurementUnit>pixel</MeasurementUnit>
    <sourceImageInformation>
      <fileName>00023.jpg</fileName>
      
    </sourceImageInformation>
  </Description>
  
  <Tags>
    <OtherTag ID="BT2" LABEL="Main" DESCRIPTION="block type Main"/><OtherTag ID="BT4" LABEL="Illustration" DESCRIPTION="block type Illustration"/><OtherTag ID="BT1315" LABEL="Running title" DESCRIPTION="block type Running title"/><OtherTag ID="BT1316" LABEL="Head" DESCRIPTION="block type Head"/><OtherTag ID="BT1317" LABEL="Page number" DESCRIPTION="block type Page number"/><OtherTag ID="BT1318" LABEL="Catchword" DESCRIPTION="block type Catchword"/><OtherTag ID="BT1319" LABEL="Footnotes" DESCRIPTION="block type Footnotes"/>
    
  </Tags>
  
  <Layout>
    <Page WIDTH="1572"
          HEIGHT="2189"
          PHYSICAL_IMG_NR="22"
          ID="eSc_dummypage_">
      <PrintSpace HPOS="0"
                  VPOS="0"
                  WIDTH="1572"
                  HEIGHT="2189">
        
        <TextBlock HPOS="151"
                   VPOS="1257"
                   WIDTH="1294"
                   HEIGHT="744"
                   ID="eSc_textblock_5c76e3de"
                   TAGREFS="BT2">
          <Shape><Polygon POINTS="151 2001 151 1257 1445 1257 1445 2001"/></Shape>
          
        </TextBlock>
        
        <TextBlock HPOS="575"
                   VPOS="1106"
                   WIDTH="399"
                   HEIGHT="118"
                   ID="eSc_textblock_af49e199"
                   TAGREFS="BT1315">
          <Shape><Polygon POINTS="974 1224 974 1106 575 1106 575 1224"/></Shape>
          
        </TextBlock>
        
        <TextBlock HPOS="168"
                   VPOS="279"
                   WIDTH="1281"
                   HEIGHT="806"
                   ID="eSc_textblock_df670322"
                   TAGREFS="BT2">
          <Shape><Polygon POINTS="1449 1085 1449 279 168 279 168 1085"/></Shape>
          
        </TextBlock>
        
        <TextBlock HPOS="168"
                   VPOS="182"
                   WIDTH="63"
                   HEIGHT="46"
                   ID="eSc_textblock_d9873c78"
                   TAGREFS="BT1317">
          <Shape><Polygon POINTS="168 182 168 228 231 228 231 182"/></Shape>
          
        </TextBlock>
        
        <TextBlock HPOS="706"
                   VPOS="178"
                   WIDTH="231"
                   HEIGHT="46"
                   ID="eSc_textblock_971169ef"
                   TAGREFS="BT1315">
          <Shape><Polygon POINTS="706 178 706 224 937 224 937 178"/></Shape>
          
        </TextBlock>
        

        
        <TextBlock ID="eSc_dummyblock_">
          
          
          <TextLine ID="eSc_line_53962947"
                    
                    BASELINE="164 315 1398 328" 
                    HPOS="162"
                    VPOS="275"
                    WIDTH="1236"
                    HEIGHT="66">
            <Shape><Polygon POINTS="164 315 164 275 1398 288 1398 328 1396 341 162 328"/></Shape>
	    <String CONTENT="موجود بودند ، وهر چیز که اورا بکار می بآیید تا بکمال انسانی رسد ،"
                    HPOS="162"
                    VPOS="275"
                    WIDTH="1236"
                    HEIGHT="66"></String>
          </TextLine>

          
          
          <TextLine ID="eSc_line_a172f766"
                    
                    BASELINE="160 395 1058 408 1394 404" 
                    HPOS="158"
                    VPOS="353"
                    WIDTH="1236"
                    HEIGHT="73">
            <Shape><Polygon POINTS="160 395 160 353 1058 366 1393 363 1394 404 1394 423 1058 426 1057 426 158 414"/></Shape>
	    <String CONTENT="باخود دارد واز خود دارد ، يعنى نطفد هم كاتب ، وهم قلم ، وهم كاغذ ،"
                    HPOS="158"
                    VPOS="353"
                    WIDTH="1236"
                    HEIGHT="73"></String>
          </TextLine>

          
          
          <TextLine ID="eSc_line_5c12d798"
                    
                    BASELINE="597 483 1394 492" 
                    HPOS="595"
                    VPOS="446"
                    WIDTH="799"
                    HEIGHT="61">
            <Shape><Polygon POINTS="597 483 597 446 1394 456 1394 492 1393 507 595 497"/></Shape>
	    <String CONTENT="وهم دوات ، وهم مكتوب ، وهم قاری است ."
                    HPOS="595"
                    VPOS="446"
                    WIDTH="799"
                    HEIGHT="61"></String>
          </TextLine>

          
          
          <TextLine ID="eSc_line_29596d62"
                    
                    BASELINE="162 569 1294 574" 
                    HPOS="160"
                    VPOS="527"
                    WIDTH="1134"
                    HEIGHT="62">
            <Shape><Polygon POINTS="162 569 162 527 1294 532 1294 574 1292 589 160 583"/></Shape>
	    <String CONTENT="3) اى درويش ! نطفهٔ انسان جوهر اول عالم صغير است ، وذات"
                    HPOS="160"
                    VPOS="527"
                    WIDTH="1134"
                    HEIGHT="62"></String>
          </TextLine>

          
          
          <TextLine ID="eSc_line_c4e6c5aa"
                    
                    BASELINE="162 647 1400 651" 
                    HPOS="160"
                    VPOS="612"
                    WIDTH="1240"
                    HEIGHT="57">
            <Shape><Polygon POINTS="162 647 162 612 1400 616 1400 651 1398 669 160 665"/></Shape>
	    <String CONTENT="عالم صغير است ، وتخم عالم صغير است . وعالم عشق عالم صغير است ،"
                    HPOS="160"
                    VPOS="612"
                    WIDTH="1240"
                    HEIGHT="57"></String>
          </TextLine>

          
          
          <TextLine ID="eSc_line_ee63b00a"
                    
                    BASELINE="160 726 1173 736 1398 727" 
                    HPOS="158"
                    VPOS="687"
                    WIDTH="1240"
                    HEIGHT="68">
            <Shape><Polygon POINTS="160 726 160 687 1172 698 1396 689 1398 727 1398 746 1173 755 1172 755 158 744"/></Shape>
	    <String CONTENT="نطفه بر خود عاشق است ، میخواهد که جمال خودرا بيند ، وصفات"
                    HPOS="158"
                    VPOS="687"
                    WIDTH="1240"
                    HEIGHT="68"></String>
          </TextLine>

          
          
          <TextLine ID="eSc_line_21dacbef"
                    
                    BASELINE="167 819 321 809 1398 813" 
                    HPOS="164"
                    VPOS="766"
                    WIDTH="1234"
                    HEIGHT="67">
            <Shape><Polygon POINTS="167 819 164 775 317 766 321 766 1398 769 1398 813 1396 828 321 824 167 833"/></Shape>
	    <String CONTENT="واسامی خودرا مشاهده کند ، تجلى خواهد کرد ، وبصفت فعل ملتبس"
                    HPOS="164"
                    VPOS="766"
                    WIDTH="1234"
                    HEIGHT="67"></String>
          </TextLine>

          
          
          <TextLine ID="eSc_line_77dfc126"
                    
                    BASELINE="167 895 1400 886" 
                    HPOS="166"
                    VPOS="846"
                    WIDTH="1234"
                    HEIGHT="62">
            <Shape><Polygon POINTS="167 895 166 855 1398 846 1400 886 1400 899 167 908"/></Shape>
	    <String CONTENT="خواهد شد ، واز عالم اجمال بعالم تفصيل خواهد امد ، وبچندين صور"
                    HPOS="166"
                    VPOS="846"
                    WIDTH="1234"
                    HEIGHT="62"></String>
          </TextLine>

          
          
          <TextLine ID="eSc_line_b0f0df91"
                    
                    BASELINE="166 966 1400 970" 
                    HPOS="164"
                    VPOS="930"
                    WIDTH="1236"
                    HEIGHT="56">
            <Shape><Polygon POINTS="166 966 166 930 1400 933 1400 970 1398 986 164 983"/></Shape>
	    <String CONTENT="واشكال ومعانى وانوار ظاهر خواهد شد ، تا جمال وى ظاهر شود ،"
                    HPOS="164"
                    VPOS="930"
                    WIDTH="1236"
                    HEIGHT="56"></String>
          </TextLine>

          
          
          <TextLine ID="eSc_line_70fc7994"
                    
                    BASELINE="750 1045 1398 1050" 
                    HPOS="748"
                    VPOS="1006"
                    WIDTH="650"
                    HEIGHT="61">
            <Shape><Polygon POINTS="750 1045 750 1006 1398 1012 1398 1050 1396 1067 748 1061"/></Shape>
	    <String CONTENT="وصفات واسامى وافعال وى پيدا آييد."
                    HPOS="748"
                    VPOS="1006"
                    WIDTH="650"
                    HEIGHT="61"></String>
          </TextLine>

          
          
          <TextLine ID="eSc_line_be2f8f9c"
                    
                    BASELINE="695 1141 876 1134" 
                    HPOS="693"
                    VPOS="1096"
                    WIDTH="183"
                    HEIGHT="58">
            <Shape><Polygon POINTS="695 1141 693 1103 874 1096 876 1134 876 1147 695 1154"/></Shape>
	    <String CONTENT="فصل دوم"
                    HPOS="693"
                    VPOS="1096"
                    WIDTH="183"
                    HEIGHT="58"></String>
          </TextLine>

          
          
          <TextLine ID="eSc_line_fa8b6a45"
                    
                    BASELINE="591 1205 951 1209" 
                    HPOS="589"
                    VPOS="1169"
                    WIDTH="362"
                    HEIGHT="55">
            <Shape><Polygon POINTS="591 1205 591 1169 951 1172 951 1209 949 1224 589 1220"/></Shape>
	    <String CONTENT="در بيان تربيت نطفه"
                    HPOS="589"
                    VPOS="1169"
                    WIDTH="362"
                    HEIGHT="55"></String>
          </TextLine>

          
          
          <TextLine ID="eSc_line_f9763065"
                    
                    BASELINE="166 1302 1301 1307" 
                    HPOS="164"
                    VPOS="1260"
                    WIDTH="1137"
                    HEIGHT="60">
            <Shape><Polygon POINTS="166 1302 166 1260 1301 1265 1301 1307 1299 1320 164 1315"/></Shape>
	    <String CONTENT="(4) بدان که نطفه چون در رحم میافتد ، مدتی نطفه است ،"
                    HPOS="164"
                    VPOS="1260"
                    WIDTH="1137"
                    HEIGHT="60"></String>
          </TextLine>

          
          
          <TextLine ID="eSc_line_594e8e8f"
                    
                    BASELINE="166 1393 381 1386 1400 1386" 
                    HPOS="164"
                    VPOS="1344"
                    WIDTH="1236"
                    HEIGHT="60">
            <Shape><Polygon POINTS="166 1393 164 1351 379 1344 381 1344 1400 1344 1400 1386 1400 1399 381 1399 166 1404"/></Shape>
	    <String CONTENT="ومدتی علقه است ، ومدتى مضغه است . ودر ميان مضغه عظام وعروق"
                    HPOS="164"
                    VPOS="1344"
                    WIDTH="1236"
                    HEIGHT="60"></String>
          </TextLine>

          
          
          <TextLine ID="eSc_line_9c4c57d3"
                    
                    BASELINE="158 1475 1398 1475" 
                    HPOS="158"
                    VPOS="1431"
                    WIDTH="1240"
                    HEIGHT="55">
            <Shape><Polygon POINTS="158 1475 158 1431 1398 1431 1398 1475 1398 1486 158 1486"/></Shape>
	    <String CONTENT="واعصاب بيدا می آید ، تا مدت سه ماه بگذرد: آنگاه در اول ماه"
                    HPOS="158"
                    VPOS="1431"
                    WIDTH="1240"
                    HEIGHT="55"></String>
          </TextLine>

          
          
          <TextLine ID="eSc_line_d656d6b2"
                    
                    BASELINE="158 1559 498 1565 958 1556 1394 1563" 
                    HPOS="157"
                    VPOS="1510"
                    WIDTH="1237"
                    HEIGHT="73">
            <Shape><Polygon POINTS="158 1559 158 1514 496 1519 693 1515 956 1510 958 1510 1394 1517 1394 1563 1393 1581 958 1574 693 1579 498 1583 496 1583 157 1577"/></Shape>
	    <String CONTENT="چهارم که نوبت آفتاب است آغاز حيوة میشود وبتدریج حس وحر کت"
                    HPOS="157"
                    VPOS="1510"
                    WIDTH="1237"
                    HEIGHT="73"></String>
          </TextLine>

          
          
          <TextLine ID="eSc_line_61ddfaa3"
                    
                    BASELINE="157 1639 1389 1643" 
                    HPOS="155"
                    VPOS="1597"
                    WIDTH="1234"
                    HEIGHT="61">
            <Shape><Polygon POINTS="157 1639 157 1597 1389 1601 1389 1643 1387 1658 155 1654"/></Shape>
	    <String CONTENT="ارادی در وی پیدا می آید ، تاچهار ماه بگذرد . وچون چهار ماه گذشت"
                    HPOS="155"
                    VPOS="1597"
                    WIDTH="1234"
                    HEIGHT="61"></String>
          </TextLine>

          
          
          <TextLine ID="eSc_line_af26ce0a"
                    
                    BASELINE="162 1729 1396 1734" 
                    HPOS="160"
                    VPOS="1685"
                    WIDTH="1236"
                    HEIGHT="62">
            <Shape><Polygon POINTS="162 1729 162 1685 1396 1691 1396 1734 1394 1747 160 1742"/></Shape>
	    <String CONTENT="جسم وروح حاصل شد ، وخلقت اعضا وجوارح تمام كشت . وخونی که"
                    HPOS="160"
                    VPOS="1685"
                    WIDTH="1236"
                    HEIGHT="62"></String>
          </TextLine>

          
          
          <TextLine ID="eSc_line_7882c7f3"
                    
                    BASELINE="162 1804 1398 1813" 
                    HPOS="160"
                    VPOS="1765"
                    WIDTH="1238"
                    HEIGHT="62">
            <Shape><Polygon POINTS="162 1804 162 1765 1398 1774 1398 1813 1396 1827 160 1818"/></Shape>
	    <String CONTENT="در رحم مادر جمع شده بود ، غذای فرزند میشود ، واز راه ناف بفرزند"
                    HPOS="160"
                    VPOS="1765"
                    WIDTH="1238"
                    HEIGHT="62"></String>
          </TextLine>

          
          
          <TextLine ID="eSc_line_0a4c782e"
                    
                    BASELINE="160 1888 1394 1895" 
                    HPOS="158"
                    VPOS="1851"
                    WIDTH="1236"
                    HEIGHT="58">
            <Shape><Polygon POINTS="160 1888 160 1851 1394 1858 1394 1895 1393 1909 158 1902"/></Shape>
	    <String CONTENT="می رسد . وجسم وروح واعضاء فرزند بتدریج بكمال میرسد ، تا هشت"
                    HPOS="158"
                    VPOS="1851"
                    WIDTH="1236"
                    HEIGHT="58"></String>
          </TextLine>

          
          
          <TextLine ID="eSc_line_94f54acb"
                    
                    BASELINE="171 1968 469 1975 1402 1966" 
                    HPOS="169"
                    VPOS="1924"
                    WIDTH="1233"
                    HEIGHT="71">
            <Shape><Polygon POINTS="171 1968 171 1926 469 1933 1400 1924 1402 1966 1402 1986 469 1995 467 1995 169 1988"/></Shape>
	    <String CONTENT="ماه بكذرد . در ماه نهم ، که نوبت باز بمشتری میرسد ، از رحم"
                    HPOS="169"
                    VPOS="1924"
                    WIDTH="1233"
                    HEIGHT="71"></String>
          </TextLine>

          
          
          <TextLine ID="eSc_line_0888a1b7"
                    
                    BASELINE="723 211 870 211" 
                    HPOS="723"
                    VPOS="165"
                    WIDTH="147"
                    HEIGHT="61">
            <Shape><Polygon POINTS="723 211 723 165 870 165 870 211 870 226 723 226"/></Shape>
	    <String CONTENT="رسالهٔ اول"
                    HPOS="723"
                    VPOS="165"
                    WIDTH="147"
                    HEIGHT="61"></String>
          </TextLine>

          
          
          <TextLine ID="eSc_line_c2651992"
                    
                    BASELINE="180 213 228 207" 
                    HPOS="177"
                    VPOS="178"
                    WIDTH="51"
                    HEIGHT="48">
            <Shape><Polygon POINTS="180 213 177 184 224 178 228 207 228 220 180 226"/></Shape>
	    <String CONTENT="17"
                    HPOS="177"
                    VPOS="178"
                    WIDTH="51"
                    HEIGHT="48"></String>
          </TextLine>

          
          
          <TextLine ID="eSc_line_283139de"
                    
                    BASELINE="107 718 129 722" 
                    HPOS="104"
                    VPOS="676"
                    WIDTH="31"
                    HEIGHT="57">
            <Shape><Polygon POINTS="107 718 113 676 135 680 129 722 125 733 104 729"/></Shape>
	    <String CONTENT="5"
                    HPOS="104"
                    VPOS="676"
                    WIDTH="31"
                    HEIGHT="57"></String>
          </TextLine>

          
          
          <TextLine ID="eSc_line_9eb91bdd"
                    
                    BASELINE="105 959 127 963" 
                    HPOS="104"
                    VPOS="923"
                    WIDTH="29"
                    HEIGHT="49">
            <Shape><Polygon POINTS="105 959 111 923 133 926 127 963 125 972 104 968"/></Shape>
	    <String CONTENT="5"
                    HPOS="104"
                    VPOS="923"
                    WIDTH="29"
                    HEIGHT="49"></String>
          </TextLine>

          
          
          <TextLine ID="eSc_line_1eb97ea0"
                    
                    BASELINE="91 1216 120 1214" 
                    HPOS="87"
                    VPOS="1178"
                    WIDTH="33"
                    HEIGHT="47">
            <Shape><Polygon POINTS="91 1216 87 1180 116 1178 120 1214 120 1224 91 1225"/></Shape>
	    <String CONTENT="14"
                    HPOS="87"
                    VPOS="1178"
                    WIDTH="33"
                    HEIGHT="47"></String>
          </TextLine>

          
          
          <TextLine ID="eSc_line_6e4a14e0"
                    
                    BASELINE="85 1479 142 1475" 
                    HPOS="82"
                    VPOS="1442"
                    WIDTH="60"
                    HEIGHT="50">
            <Shape><Polygon POINTS="85 1479 82 1446 138 1442 142 1475 142 1488 85 1492"/></Shape>
	    <String CONTENT="15"
                    HPOS="82"
                    VPOS="1442"
                    WIDTH="60"
                    HEIGHT="50"></String>
          </TextLine>

          
          
          <TextLine ID="eSc_line_812a1a2c"
                    
                    BASELINE="82 1732 125 1731" 
                    HPOS="80"
                    VPOS="1700"
                    WIDTH="45"
                    HEIGHT="49">
            <Shape><Polygon POINTS="82 1732 80 1701 124 1700 125 1731 125 1747 82 1749"/></Shape>
	    <String CONTENT="15"
                    HPOS="80"
                    VPOS="1700"
                    WIDTH="45"
                    HEIGHT="49"></String>
          </TextLine>

          
          
          <TextLine ID="eSc_line_46721a20"
                    
                    BASELINE="76 1957 115 1957" 
                    HPOS="76"
                    VPOS="1920"
                    WIDTH="39"
                    HEIGHT="48">
            <Shape><Polygon POINTS="76 1957 76 1920 115 1920 115 1957 115 1968 76 1968"/></Shape>
	    <String CONTENT="2"
                    HPOS="76"
                    VPOS="1920"
                    WIDTH="39"
                    HEIGHT="48"></String>
          </TextLine>

          
        </TextBlock>
        
      </PrintSpace>
    </Page>
  </Layout>
</alto>
