<?xml version="1.0" encoding="UTF-8"?>
<alto xmlns:xsi="http://www.w3.org/2001/XMLSchema-instance"
      xmlns="http://www.loc.gov/standards/alto/ns-v4#"
      xsi:schemaLocation="http://www.loc.gov/standards/alto/ns-v4# http://www.loc.gov/standards/alto/v4/alto-4-2.xsd">
  <Description>
    <MeasurementUnit>pixel</MeasurementUnit>
    <sourceImageInformation>
      <fileName>00022.jpg</fileName>
      
    </sourceImageInformation>
  </Description>
  
  <Tags>
    <OtherTag ID="BT2" LABEL="Main" DESCRIPTION="block type Main"/><OtherTag ID="BT4" LABEL="Illustration" DESCRIPTION="block type Illustration"/><OtherTag ID="BT1315" LABEL="Running title" DESCRIPTION="block type Running title"/><OtherTag ID="BT1316" LABEL="Head" DESCRIPTION="block type Head"/><OtherTag ID="BT1317" LABEL="Page number" DESCRIPTION="block type Page number"/><OtherTag ID="BT1318" LABEL="Catchword" DESCRIPTION="block type Catchword"/><OtherTag ID="BT1319" LABEL="Footnotes" DESCRIPTION="block type Footnotes"/>
    
  </Tags>
  
  <Layout>
    <Page WIDTH="1618"
          HEIGHT="2164"
          PHYSICAL_IMG_NR="21"
          ID="eSc_dummypage_">
      <PrintSpace HPOS="0"
                  VPOS="0"
                  WIDTH="1618"
                  HEIGHT="2164">
        
        <TextBlock HPOS="56"
                   VPOS="1644"
                   WIDTH="1284"
                   HEIGHT="329"
                   ID="eSc_textblock_042979aa"
                   TAGREFS="BT2">
          <Shape><Polygon POINTS="1340 1969 1323 1644 56 1649 56 1973"/></Shape>
          
        </TextBlock>
        
        <TextBlock HPOS="406"
                   VPOS="1493"
                   WIDTH="588"
                   HEIGHT="125"
                   ID="eSc_textblock_cf74d30a"
                   TAGREFS="BT1315">
          <Shape><Polygon POINTS="994 1618 994 1493 406 1493 406 1618"/></Shape>
          
        </TextBlock>
        
        <TextBlock HPOS="35"
                   VPOS="546"
                   WIDTH="1297"
                   HEIGHT="891"
                   ID="eSc_textblock_5ca56e84"
                   TAGREFS="BT2">
          <Shape><Polygon POINTS="1332 1437 1332 546 35 546 35 1437"/></Shape>
          
        </TextBlock>
        
        <TextBlock HPOS="467"
                   VPOS="442"
                   WIDTH="424"
                   HEIGHT="70"
                   ID="eSc_textblock_17ca3be1"
                   TAGREFS="BT1315">
          <Shape><Polygon POINTS="467 442 467 512 891 512 891 442"/></Shape>
          
        </TextBlock>
        

        
        <TextBlock ID="eSc_dummyblock_">
          
          
          <TextLine ID="eSc_line_09b29f29"
                    
                    BASELINE="1322 654 1360 647" 
                    HPOS="1300"
                    VPOS="535"
                    WIDTH="61"
                    HEIGHT="128">
            <Shape><Polygon POINTS="1322 654 1300 542 1338 535 1360 647 1361 656 1323 663"/></Shape>
	    <String CONTENT=""
                    HPOS="1300"
                    VPOS="535"
                    WIDTH="61"
                    HEIGHT="128"></String>
          </TextLine>

          
          
          <TextLine ID="eSc_line_7806c93e"
                    
                    BASELINE="54 609 1181 584" 
                    HPOS="52"
                    VPOS="541"
                    WIDTH="1129"
                    HEIGHT="82">
            <Shape><Polygon POINTS="54 609 52 566 1179 541 1181 584 1181 598 54 623"/></Shape>
	    <String CONTENT="الحمد لله رب العالمين والعاقبة للمتقين ، والصلوة والسلام على"
                    HPOS="52"
                    VPOS="541"
                    WIDTH="1129"
                    HEIGHT="82"></String>
          </TextLine>

          
          
          <TextLine ID="eSc_line_36a37413"
                    
                    BASELINE="61 692 465 676 1282 658" 
                    HPOS="59"
                    VPOS="616"
                    WIDTH="1223"
                    HEIGHT="98">
            <Shape><Polygon POINTS="61 692 59 651 463 634 463 634 1280 616 1282 658 1282 679 465 697 61 714"/></Shape>
	    <String CONTENT="انبيائه واوليائه خير خلقه ، وعلى آلهم واصحابهم الطيبين الطاهرين ."
                    HPOS="59"
                    VPOS="616"
                    WIDTH="1223"
                    HEIGHT="98"></String>
          </TextLine>

          
          
          <TextLine ID="eSc_line_731f7e29"
                    
                    BASELINE="55 773 438 753 853 753 1172 741" 
                    HPOS="52"
                    VPOS="699"
                    WIDTH="1120"
                    HEIGHT="94">
            <Shape><Polygon POINTS="55 773 52 732 434 712 438 712 737 712 851 712 1170 699 1172 741 1172 761 853 773 853 773 737 773 438 773 55 793"/></Shape>
	    <String CONTENT="1) اما بعد ، چنين گويد اضعف ضعفا وخادم فقرا ، عزيز بن"
                    HPOS="52"
                    VPOS="699"
                    WIDTH="1120"
                    HEIGHT="94"></String>
          </TextLine>

          
          
          <TextLine ID="eSc_line_8679e769"
                    
                    BASELINE="52 838 227 843 413 831 1286 813" 
                    HPOS="50"
                    VPOS="771"
                    WIDTH="1236"
                    HEIGHT="89">
            <Shape><Polygon POINTS="52 838 52 797 225 802 409 789 411 789 1284 771 1286 813 1286 829 413 847 227 860 225 860 50 854"/></Shape>
	    <String CONTENT="محمد النسفی ، كه جماعت درویشان - کثرهم الله - ازین بیچاره"
                    HPOS="50"
                    VPOS="771"
                    WIDTH="1236"
                    HEIGHT="89"></String>
          </TextLine>

          
          
          <TextLine ID="eSc_line_822eac68"
                    
                    BASELINE="55 916 1286 894" 
                    HPOS="54"
                    VPOS="854"
                    WIDTH="1232"
                    HEIGHT="80">
            <Shape><Polygon POINTS="55 916 54 876 1284 854 1286 894 1286 912 55 934"/></Shape>
	    <String CONTENT="درخواست کردند، که می باید که در معرفت انسان رسالهئی جمع کنید ،"
                    HPOS="54"
                    VPOS="854"
                    WIDTH="1232"
                    HEIGHT="80"></String>
          </TextLine>

          
          
          <TextLine ID="eSc_line_fe1088b8"
                    
                    BASELINE="54 1002 286 991 1287 977" 
                    HPOS="50"
                    VPOS="935"
                    WIDTH="1237"
                    HEIGHT="85">
            <Shape><Polygon POINTS="54 1002 50 961 283 950 284 950 1286 935 1287 977 1287 995 286 1009 54 1020"/></Shape>
	    <String CONTENT="وظاهر وباطن انسانرا شرح كنيد ، یعنی بیان کنید که از روی"
                    HPOS="50"
                    VPOS="935"
                    WIDTH="1237"
                    HEIGHT="85"></String>
          </TextLine>

          
          
          <TextLine ID="eSc_line_95766a23"
                    
                    BASELINE="55 1076 631 1072 1287 1054" 
                    HPOS="54"
                    VPOS="1013"
                    WIDTH="1233"
                    HEIGHT="79">
            <Shape><Polygon POINTS="55 1076 54 1035 629 1031 1286 1013 1287 1054 1287 1071 631 1089 631 1089 55 1092"/></Shape>
	    <String CONTENT="صورت خلقت انسان چون است ، واز روى باطن روح انسانی چيست ،"
                    HPOS="54"
                    VPOS="1013"
                    WIDTH="1233"
                    HEIGHT="79"></String>
          </TextLine>

          
          
          <TextLine ID="eSc_line_da1ab482"
                    
                    BASELINE="1331 1145 1374 1139" 
                    HPOS="1325"
                    VPOS="1107"
                    WIDTH="49"
                    HEIGHT="48">
            <Shape><Polygon POINTS="1331 1145 1325 1112 1369 1107 1374 1139 1374 1150 1331 1155"/></Shape>
	    <String CONTENT="5"
                    HPOS="1325"
                    VPOS="1107"
                    WIDTH="49"
                    HEIGHT="48"></String>
          </TextLine>

          
          
          <TextLine ID="eSc_line_772f11cb"
                    
                    BASELINE="63 1170 836 1154 1291 1155" 
                    HPOS="61"
                    VPOS="1109"
                    WIDTH="1230"
                    HEIGHT="79">
            <Shape><Polygon POINTS="63 1170 61 1125 835 1109 836 1109 1291 1110 1291 1155 1289 1173 836 1172 63 1188"/></Shape>
	    <String CONTENT="و ترقی روح انسانی تا كجاست ؛ ودیگر بیان کنید که هر انسانی"
                    HPOS="61"
                    VPOS="1109"
                    WIDTH="1230"
                    HEIGHT="79"></String>
          </TextLine>

          
          
          <TextLine ID="eSc_line_245b63d2"
                    
                    BASELINE="59 1249 649 1238 894 1244 1289 1233" 
                    HPOS="57"
                    VPOS="1192"
                    WIDTH="1232"
                    HEIGHT="77">
            <Shape><Polygon POINTS="59 1249 57 1208 647 1197 649 1197 734 1199 892 1202 1287 1192 1289 1233 1289 1253 894 1264 892 1264 734 1260 647 1258 59 1269"/></Shape>
	    <String CONTENT="چند روح دارد ، وهر روحی چه کار کند . در خواست ایشان اجابت"
                    HPOS="57"
                    VPOS="1192"
                    WIDTH="1232"
                    HEIGHT="77"></String>
          </TextLine>

          
          
          <TextLine ID="eSc_line_218939d3"
                    
                    BASELINE="64 1329 1280 1316" 
                    HPOS="63"
                    VPOS="1274"
                    WIDTH="1217"
                    HEIGHT="69">
            <Shape><Polygon POINTS="64 1329 63 1287 1278 1274 1280 1316 1280 1330 64 1343"/></Shape>
	    <String CONTENT="كردم ، واز خداوند تعالی مدد وییاری خواستم تا از خطا وزلل نگاه"
                    HPOS="63"
                    VPOS="1274"
                    WIDTH="1217"
                    HEIGHT="69"></String>
          </TextLine>

          
          
          <TextLine ID="eSc_line_660860a7"
                    
                    BASELINE="468 1404 1277 1393 1376 1383" 
                    HPOS="467"
                    VPOS="1341"
                    WIDTH="909"
                    HEIGHT="78">
            <Shape><Polygon POINTS="468 1404 467 1363 1273 1352 1370 1341 1376 1383 1376 1397 1277 1408 1277 1408 468 1419"/></Shape>
	    <String CONTENT="14 دارد : دانه على مايشاء قدير وبالاجابة جدير&quot; ."
                    HPOS="467"
                    VPOS="1341"
                    WIDTH="909"
                    HEIGHT="78"></String>
          </TextLine>

          
          
          <TextLine ID="eSc_line_c829a0a9"
                    
                    BASELINE="418 1597 950 1592" 
                    HPOS="416"
                    VPOS="1552"
                    WIDTH="534"
                    HEIGHT="56">
            <Shape><Polygon POINTS="418 1597 416 1558 948 1552 950 1592 950 1603 418 1608"/></Shape>
	    <String CONTENT="در بيان خلفت صورت انسان"
                    HPOS="416"
                    VPOS="1552"
                    WIDTH="534"
                    HEIGHT="56"></String>
          </TextLine>

          
          
          <TextLine ID="eSc_line_a1241a8e"
                    
                    BASELINE="593 1531 757 1522" 
                    HPOS="589"
                    VPOS="1478"
                    WIDTH="168"
                    HEIGHT="69">
            <Shape><Polygon POINTS="593 1531 589 1487 753 1478 757 1522 757 1538 593 1547"/></Shape>
	    <String CONTENT="لصل اول"
                    HPOS="589"
                    VPOS="1478"
                    WIDTH="168"
                    HEIGHT="69"></String>
          </TextLine>

          
          
          <TextLine ID="eSc_line_52ce0e63"
                    
                    BASELINE="63 1707 1213 1693" 
                    HPOS="61"
                    VPOS="1644"
                    WIDTH="1152"
                    HEIGHT="76">
            <Shape><Polygon POINTS="63 1707 61 1659 1212 1644 1213 1693 1213 1705 63 1720"/></Shape>
	    <String CONTENT="(2) بدان ، اعزك الله في الدارين كه اول انسان يك جوهر است"
                    HPOS="61"
                    VPOS="1644"
                    WIDTH="1152"
                    HEIGHT="76"></String>
          </TextLine>

          
          
          <TextLine ID="eSc_line_6792beb8"
                    
                    BASELINE="70 1794 506 1779 1305 1783" 
                    HPOS="68"
                    VPOS="1734"
                    WIDTH="1237"
                    HEIGHT="78">
            <Shape><Polygon POINTS="70 1794 68 1749 505 1734 506 1734 1305 1738 1305 1783 1304 1801 506 1797 70 1812"/></Shape>
	    <String CONTENT="وهر چیز که در انسان بتدریج موجود شد ، جمله در آن یك جوهر"
                    HPOS="68"
                    VPOS="1734"
                    WIDTH="1237"
                    HEIGHT="78"></String>
          </TextLine>

          
          
          <TextLine ID="eSc_line_92b17b99"
                    
                    BASELINE="68 1868 1316 1859" 
                    HPOS="66"
                    VPOS="1817"
                    WIDTH="1250"
                    HEIGHT="63">
            <Shape><Polygon POINTS="68 1868 66 1826 1314 1817 1316 1859 1316 1871 68 1880"/></Shape>
	    <String CONTENT="موجود بودند ، وهریك بوقت خود ظاهر شدند . وآن يیك جوهر نطفه"
                    HPOS="66"
                    VPOS="1817"
                    WIDTH="1250"
                    HEIGHT="63"></String>
          </TextLine>

          
          
          <TextLine ID="eSc_line_0558e49a"
                    
                    BASELINE="68 1945 1385 1934" 
                    HPOS="66"
                    VPOS="1895"
                    WIDTH="1319"
                    HEIGHT="65">
            <Shape><Polygon POINTS="68 1945 66 1906 1383 1895 1385 1934 1385 1949 68 1960"/></Shape>
	    <String CONTENT="11 است ، یعنی تمامت اجزای انسان از جواهر واعراض ، جمله در نطفه"
                    HPOS="66"
                    VPOS="1895"
                    WIDTH="1319"
                    HEIGHT="65"></String>
          </TextLine>

          
          
          <TextLine ID="eSc_line_8a4f950a"
                    
                    BASELINE="483 492 865 483" 
                    HPOS="481"
                    VPOS="438"
                    WIDTH="384"
                    HEIGHT="68">
            <Shape><Polygon POINTS="483 492 481 447 864 438 865 483 865 497 483 506"/></Shape>
	    <String CONTENT="بسم الله الرحمن الرحيم"
                    HPOS="481"
                    VPOS="438"
                    WIDTH="384"
                    HEIGHT="68"></String>
          </TextLine>

          
          
          <TextLine ID="eSc_line_08839689"
                    
                    BASELINE="1323 890 1367 885" 
                    HPOS="1318"
                    VPOS="852"
                    WIDTH="49"
                    HEIGHT="49">
            <Shape><Polygon POINTS="1323 890 1318 858 1361 852 1367 885 1367 896 1323 901"/></Shape>
	    <String CONTENT="5"
                    HPOS="1318"
                    VPOS="852"
                    WIDTH="49"
                    HEIGHT="49"></String>
          </TextLine>

          
          
          <TextLine ID="eSc_line_9bdff680"
                    
                    BASELINE="1327 1695 1388 1693" 
                    HPOS="1325"
                    VPOS="1660"
                    WIDTH="63"
                    HEIGHT="47">
            <Shape><Polygon POINTS="1327 1695 1325 1662 1387 1660 1388 1693 1388 1705 1327 1707"/></Shape>
	    <String CONTENT="15"
                    HPOS="1325"
                    VPOS="1660"
                    WIDTH="63"
                    HEIGHT="47"></String>
          </TextLine>

          
        </TextBlock>
        
      </PrintSpace>
    </Page>
  </Layout>
</alto>
