<?xml version="1.0" encoding="UTF-8"?>
<alto xmlns:xsi="http://www.w3.org/2001/XMLSchema-instance"
      xmlns="http://www.loc.gov/standards/alto/ns-v4#"
      xsi:schemaLocation="http://www.loc.gov/standards/alto/ns-v4# http://www.loc.gov/standards/alto/v4/alto-4-2.xsd">
  <Description>
    <MeasurementUnit>pixel</MeasurementUnit>
    <sourceImageInformation>
      <fileName>00029.jpg</fileName>
      
    </sourceImageInformation>
  </Description>
  
  <Tags>
    <OtherTag ID="BT2" LABEL="Main" DESCRIPTION="block type Main"/><OtherTag ID="BT4" LABEL="Illustration" DESCRIPTION="block type Illustration"/><OtherTag ID="BT1315" LABEL="Running title" DESCRIPTION="block type Running title"/><OtherTag ID="BT1316" LABEL="Head" DESCRIPTION="block type Head"/><OtherTag ID="BT1317" LABEL="Page number" DESCRIPTION="block type Page number"/><OtherTag ID="BT1318" LABEL="Catchword" DESCRIPTION="block type Catchword"/><OtherTag ID="BT1319" LABEL="Footnotes" DESCRIPTION="block type Footnotes"/>
    
  </Tags>
  
  <Layout>
    <Page WIDTH="1569"
          HEIGHT="2192"
          PHYSICAL_IMG_NR="28"
          ID="eSc_dummypage_">
      <PrintSpace HPOS="0"
                  VPOS="0"
                  WIDTH="1569"
                  HEIGHT="2192">
        
        <TextBlock HPOS="558"
                   VPOS="492"
                   WIDTH="444"
                   HEIGHT="113"
                   ID="eSc_textblock_069f9bde"
                   TAGREFS="BT1315">
          <Shape><Polygon POINTS="1002 605 1002 492 558 492 558 605"/></Shape>
          
        </TextBlock>
        
        <TextBlock HPOS="662"
                   VPOS="194"
                   WIDTH="202"
                   HEIGHT="63"
                   ID="eSc_textblock_d438b561"
                   TAGREFS="BT1315">
          <Shape><Polygon POINTS="864 257 864 194 662 194 662 257"/></Shape>
          
        </TextBlock>
        
        <TextBlock HPOS="143"
                   VPOS="618"
                   WIDTH="1270"
                   HEIGHT="1408"
                   ID="eSc_textblock_f30de39f"
                   TAGREFS="BT2">
          <Shape><Polygon POINTS="1413 2026 1413 618 143 618 143 2026"/></Shape>
          
        </TextBlock>
        
        <TextBlock HPOS="159"
                   VPOS="286"
                   WIDTH="1271"
                   HEIGHT="172"
                   ID="eSc_textblock_4ae843b5"
                   TAGREFS="BT2">
          <Shape><Polygon POINTS="1430 458 1430 286 159 286 159 458"/></Shape>
          
        </TextBlock>
        
        <TextBlock HPOS="163"
                   VPOS="198"
                   WIDTH="59"
                   HEIGHT="55"
                   ID="eSc_textblock_56d6d9f2"
                   TAGREFS="BT1317">
          <Shape><Polygon POINTS="163 198 163 253 222 253 222 198"/></Shape>
          
        </TextBlock>
        

        
        <TextBlock ID="eSc_dummyblock_">
          
          
          <TextLine ID="eSc_line_141c53cd"
                    
                    BASELINE="157 341 378 336 638 343 875 336 1382 347" 
                    HPOS="155"
                    VPOS="294"
                    WIDTH="1227"
                    HEIGHT="73">
            <Shape><Polygon POINTS="157 341 155 299 376 294 378 294 636 301 874 294 875 294 1382 305 1382 347 1380 367 875 356 638 363 636 363 376 356 157 361"/></Shape>
	    <String CONTENT="با از جهت دفع مضرت وغلبه است ، ودرين مرتبه اورا قوة غضبی"
                    HPOS="155"
                    VPOS="294"
                    WIDTH="1227"
                    HEIGHT="73"></String>
          </TextLine>

          
          
          <TextLine ID="eSc_line_c746f431"
                    
                    BASELINE="1164 420 1393 423" 
                    HPOS="1163"
                    VPOS="387"
                    WIDTH="230"
                    HEIGHT="51">
            <Shape><Polygon POINTS="1164 420 1164 387 1393 390 1393 423 1391 438 1163 434"/></Shape>
	    <String CONTENT="هی خوانند ."
                    HPOS="1163"
                    VPOS="387"
                    WIDTH="230"
                    HEIGHT="51"></String>
          </TextLine>

          
          
          <TextLine ID="eSc_line_56eda1e5"
                    
                    BASELINE="579 595 963 591" 
                    HPOS="577"
                    VPOS="548"
                    WIDTH="386"
                    HEIGHT="60">
            <Shape><Polygon POINTS="579 595 577 551 961 548 963 591 963 604 579 608"/></Shape>
	    <String CONTENT="در بيان روح انسانی"
                    HPOS="577"
                    VPOS="548"
                    WIDTH="386"
                    HEIGHT="60"></String>
          </TextLine>

          
          
          <TextLine ID="eSc_line_613b2db3"
                    
                    BASELINE="698 527 839 522" 
                    HPOS="696"
                    VPOS="478"
                    WIDTH="143"
                    HEIGHT="64">
            <Shape><Polygon POINTS="698 527 696 484 837 478 839 522 839 537 698 542"/></Shape>
	    <String CONTENT="صل نهم"
                    HPOS="696"
                    VPOS="478"
                    WIDTH="143"
                    HEIGHT="64"></String>
          </TextLine>

          
          
          <TextLine ID="eSc_line_59295757"
                    
                    BASELINE="151 672 1292 681" 
                    HPOS="149"
                    VPOS="626"
                    WIDTH="1143"
                    HEIGHT="69">
            <Shape><Polygon POINTS="151 672 151 626 1292 635 1292 681 1291 695 149 686"/></Shape>
	    <String CONTENT="(12) بدان که تا بدینجا که گفته شد آدمی با دیگر حیوانات"
                    HPOS="149"
                    VPOS="626"
                    WIDTH="1143"
                    HEIGHT="69"></String>
          </TextLine>

          
          
          <TextLine ID="eSc_line_c2735017"
                    
                    BASELINE="144 763 678 756 1075 765 1389 756" 
                    HPOS="142"
                    VPOS="712"
                    WIDTH="1247"
                    HEIGHT="71">
            <Shape><Polygon POINTS="144 763 142 719 676 712 678 712 822 716 1073 721 1387 712 1389 756 1389 774 1075 783 1073 783 821 776 676 774 144 781"/></Shape>
	    <String CONTENT="شریك است ، يعنى درین سه روح که گفته شد ، روح نباتی وروح"
                    HPOS="142"
                    VPOS="712"
                    WIDTH="1247"
                    HEIGHT="71"></String>
          </TextLine>

          
          
          <TextLine ID="eSc_line_6ed29b91"
                    
                    BASELINE="149 832 1386 842" 
                    HPOS="148"
                    VPOS="790"
                    WIDTH="1238"
                    HEIGHT="66">
            <Shape><Polygon POINTS="149 832 149 790 1386 800 1386 842 1384 856 148 847"/></Shape>
	    <String CONTENT="حيوانی وروح نفسانی . وآدمی که ممتاز می شود از دیگر حیوانات"
                    HPOS="148"
                    VPOS="790"
                    WIDTH="1238"
                    HEIGHT="66"></String>
          </TextLine>

          
          
          <TextLine ID="eSc_line_e3d42fbb"
                    
                    BASELINE="155 920 618 916 1387 926" 
                    HPOS="153"
                    VPOS="874"
                    WIDTH="1234"
                    HEIGHT="66">
            <Shape><Polygon POINTS="155 920 153 878 616 874 618 874 1387 884 1387 926 1386 940 616 931 155 935"/></Shape>
	    <String CONTENT="بروح انسانی ممتاز می شود . وروح انسانی نه از قبيل آین سه روح"
                    HPOS="153"
                    VPOS="874"
                    WIDTH="1234"
                    HEIGHT="66"></String>
          </TextLine>

          
          
          <TextLine ID="eSc_line_f14cb9b9"
                    
                    BASELINE="142 1008 1387 1002" 
                    HPOS="140"
                    VPOS="959"
                    WIDTH="1247"
                    HEIGHT="63">
            <Shape><Polygon POINTS="142 1008 140 964 1386 959 1387 1002 1387 1017 142 1022"/></Shape>
	    <String CONTENT="است . از جهت آنکه روح انسانی از عالم علوی است ، وروح نباتی"
                    HPOS="140"
                    VPOS="959"
                    WIDTH="1247"
                    HEIGHT="63"></String>
          </TextLine>

          
          
          <TextLine ID="eSc_line_00dcd4c9"
                    
                    BASELINE="149 1079 1389 1094" 
                    HPOS="148"
                    VPOS="1039"
                    WIDTH="1241"
                    HEIGHT="69">
            <Shape><Polygon POINTS="149 1079 149 1039 1389 1053 1389 1094 1387 1108 148 1094"/></Shape>
	    <String CONTENT="وروح حيوانى و(وح نفسانى از عالم سفلى اند . ودر روح انسانی اختلاف"
                    HPOS="148"
                    VPOS="1039"
                    WIDTH="1241"
                    HEIGHT="69"></String>
          </TextLine>

          
          
          <TextLine ID="eSc_line_bee25739"
                    
                    BASELINE="149 1159 1369 1165" 
                    HPOS="148"
                    VPOS="1119"
                    WIDTH="1221"
                    HEIGHT="59">
            <Shape><Polygon POINTS="149 1159 149 1119 1369 1125 1369 1165 1367 1178 148 1172"/></Shape>
	    <String CONTENT="کردهاند که داخل بدن است ییا داخل بدن نیست . اهل شریعت می گویند"
                    HPOS="148"
                    VPOS="1119"
                    WIDTH="1221"
                    HEIGHT="59"></String>
          </TextLine>

          
          
          <TextLine ID="eSc_line_70ca60be"
                    
                    BASELINE="144 1238 806 1247 1369 1238" 
                    HPOS="142"
                    VPOS="1192"
                    WIDTH="1227"
                    HEIGHT="70">
            <Shape><Polygon POINTS="144 1238 144 1192 804 1201 1367 1192 1369 1238 1369 1253 806 1262 804 1262 142 1253"/></Shape>
	    <String CONTENT="که داخل بدن است چنانکه روغن در شیر ؛ واهل حکمت می گویند که"
                    HPOS="142"
                    VPOS="1192"
                    WIDTH="1227"
                    HEIGHT="70"></String>
          </TextLine>

          
          
          <TextLine ID="eSc_line_3e8ba878"
                    
                    BASELINE="153 1322 1384 1329" 
                    HPOS="151"
                    VPOS="1282"
                    WIDTH="1233"
                    HEIGHT="62">
            <Shape><Polygon POINTS="153 1322 153 1282 1384 1289 1384 1329 1382 1344 151 1337"/></Shape>
	    <String CONTENT="داخل نيست وخارج بدن هم نیست ، از جهت آنکه نفس ناطقه در"
                    HPOS="151"
                    VPOS="1282"
                    WIDTH="1233"
                    HEIGHT="62"></String>
          </TextLine>

          
          
          <TextLine ID="eSc_line_5ad33662"
                    
                    BASELINE="151 1402 1386 1410" 
                    HPOS="149"
                    VPOS="1364"
                    WIDTH="1237"
                    HEIGHT="60">
            <Shape><Polygon POINTS="151 1402 151 1364 1386 1371 1386 1410 1384 1424 149 1417"/></Shape>
	    <String CONTENT="مكان نيست ومحتاج مكان نیست . چون در مکان نیست نتوان کفتن که"
                    HPOS="149"
                    VPOS="1364"
                    WIDTH="1237"
                    HEIGHT="60"></String>
          </TextLine>

          
          
          <TextLine ID="eSc_line_a4024703"
                    
                    BASELINE="151 1490 1384 1486" 
                    HPOS="149"
                    VPOS="1443"
                    WIDTH="1235"
                    HEIGHT="60">
            <Shape><Polygon POINTS="151 1490 149 1446 1382 1443 1384 1486 1384 1499 151 1503"/></Shape>
	    <String CONTENT="داخل بدن است یا خارج بدن است . ودیگر آنکه داخلی وخارجی"
                    HPOS="149"
                    VPOS="1443"
                    WIDTH="1235"
                    HEIGHT="60"></String>
          </TextLine>

          
          
          <TextLine ID="eSc_line_a1171fa3"
                    
                    BASELINE="148 1569 457 1563 594 1570 1386 1570" 
                    HPOS="146"
                    VPOS="1523"
                    WIDTH="1240"
                    HEIGHT="64">
            <Shape><Polygon POINTS="148 1569 146 1528 455 1523 458 1523 572 1528 594 1530 1386 1530 1386 1570 1386 1587 594 1587 592 1587 570 1585 455 1580 148 1585"/></Shape>
	    <String CONTENT="صفات اجسام اند ونفس ناطقه جسم وجسمانى نيست ، اما جمله اتفاق"
                    HPOS="146"
                    VPOS="1523"
                    WIDTH="1240"
                    HEIGHT="64"></String>
          </TextLine>

          
          
          <TextLine ID="eSc_line_05db0d57"
                    
                    BASELINE="148 1640 696 1658 1371 1647" 
                    HPOS="146"
                    VPOS="1591"
                    WIDTH="1225"
                    HEIGHT="85">
            <Shape><Polygon POINTS="148 1640 148 1591 696 1609 1369 1598 1371 1647 1371 1665 696 1676 694 1676 146 1658"/></Shape>
	    <String CONTENT="کرده اند که روح نباتی وروح حیوانی وروح نفسانی داخل بدن اند"
                    HPOS="146"
                    VPOS="1591"
                    WIDTH="1225"
                    HEIGHT="85"></String>
          </TextLine>

          
          
          <TextLine ID="eSc_line_5d2e5f66"
                    
                    BASELINE="160 1731 588 1740 1157 1733 1382 1740" 
                    HPOS="159"
                    VPOS="1684"
                    WIDTH="1223"
                    HEIGHT="73">
            <Shape><Polygon POINTS="160 1731 160 1684 588 1693 879 1689 1155 1686 1157 1686 1382 1693 1382 1740 1380 1757 1155 1749 879 1753 588 1757 587 1757 159 1748"/></Shape>
	    <String CONTENT="وزبده وخلاصهٔ غذا اند . غذا بتربيت وپرورش ایشان عروج کرده"
                    HPOS="159"
                    VPOS="1684"
                    WIDTH="1223"
                    HEIGHT="73"></String>
          </TextLine>

          
          
          <TextLine ID="eSc_line_54e09906"
                    
                    BASELINE="530 1813 1384 1817" 
                    HPOS="528"
                    VPOS="1779"
                    WIDTH="856"
                    HEIGHT="54">
            <Shape><Polygon POINTS="530 1813 530 1779 1384 1782 1384 1817 1382 1833 528 1830"/></Shape>
	    <String CONTENT="است وبمراتب بر آمده ودانا وشنوا وبينا شده ."
                    HPOS="528"
                    VPOS="1779"
                    WIDTH="856"
                    HEIGHT="54"></String>
          </TextLine>

          
          
          <TextLine ID="eSc_line_fe54e468"
                    
                    BASELINE="144 1894 1272 1901" 
                    HPOS="142"
                    VPOS="1850"
                    WIDTH="1130"
                    HEIGHT="66">
            <Shape><Polygon POINTS="144 1894 144 1850 1272 1857 1272 1901 1270 1916 142 1908"/></Shape>
	    <String CONTENT="13) ای درویش ! اگر گویند که غذاست که عروج کرده است"
                    HPOS="142"
                    VPOS="1850"
                    WIDTH="1130"
                    HEIGHT="66"></String>
          </TextLine>

          
          
          <TextLine ID="eSc_line_b07aed69"
                    
                    BASELINE="54 1970 1380 1989" 
                    HPOS="53"
                    VPOS="1928"
                    WIDTH="1327"
                    HEIGHT="77">
            <Shape><Polygon POINTS="54 1970 54 1928 1380 1947 1380 1989 1378 2005 53 1987"/></Shape>
	    <String CONTENT="وبمراتب بر آمده ودانا وبينا وشنوا شده ، راست باشد ، واگر گویند 21"
                    HPOS="53"
                    VPOS="1928"
                    WIDTH="1327"
                    HEIGHT="77"></String>
          </TextLine>

          
          
          <TextLine ID="eSc_line_ee83e34c"
                    
                    BASELINE="658 235 841 237" 
                    HPOS="656"
                    VPOS="199"
                    WIDTH="185"
                    HEIGHT="47">
            <Shape><Polygon POINTS="658 235 658 199 841 200 841 237 839 246 656 244"/></Shape>
	    <String CONTENT="رسالهٔ اول"
                    HPOS="656"
                    VPOS="199"
                    WIDTH="185"
                    HEIGHT="47"></String>
          </TextLine>

          
          
          <TextLine ID="eSc_line_88433d12"
                    
                    BASELINE="166 235 217 230" 
                    HPOS="162"
                    VPOS="202"
                    WIDTH="55"
                    HEIGHT="42">
            <Shape><Polygon POINTS="166 235 162 208 213 202 217 230 217 239 166 244"/></Shape>
	    <String CONTENT="23"
                    HPOS="162"
                    VPOS="202"
                    WIDTH="55"
                    HEIGHT="42"></String>
          </TextLine>

          
          
          <TextLine ID="eSc_line_4762fc07"
                    
                    BASELINE="87 761 124 761" 
                    HPOS="87"
                    VPOS="728"
                    WIDTH="37"
                    HEIGHT="44">
            <Shape><Polygon POINTS="87 761 87 728 124 728 124 761 124 772 87 772"/></Shape>
	    <String CONTENT="5"
                    HPOS="87"
                    VPOS="728"
                    WIDTH="37"
                    HEIGHT="44"></String>
          </TextLine>

          
          
          <TextLine ID="eSc_line_700aafe7"
                    
                    BASELINE="87 1006 128 1006" 
                    HPOS="87"
                    VPOS="971"
                    WIDTH="41"
                    HEIGHT="48">
            <Shape><Polygon POINTS="87 1006 87 971 128 971 128 1006 128 1019 87 1019"/></Shape>
	    <String CONTENT=""
                    HPOS="87"
                    VPOS="971"
                    WIDTH="41"
                    HEIGHT="48"></String>
          </TextLine>

          
          
          <TextLine ID="eSc_line_3f6f932b"
                    
                    BASELINE="65 1240 126 1238" 
                    HPOS="64"
                    VPOS="1203"
                    WIDTH="62"
                    HEIGHT="48">
            <Shape><Polygon POINTS="65 1240 64 1205 124 1203 126 1238 126 1249 65 1251"/></Shape>
	    <String CONTENT="15"
                    HPOS="64"
                    VPOS="1203"
                    WIDTH="62"
                    HEIGHT="48"></String>
          </TextLine>

          
          
          <TextLine ID="eSc_line_72326477"
                    
                    BASELINE="74 1486 104 1485" 
                    HPOS="71"
                    VPOS="1446"
                    WIDTH="33"
                    HEIGHT="50">
            <Shape><Polygon POINTS="74 1486 71 1448 100 1446 104 1485 104 1494 74 1496"/></Shape>
	    <String CONTENT="15"
                    HPOS="71"
                    VPOS="1446"
                    WIDTH="33"
                    HEIGHT="50"></String>
          </TextLine>

          
          
          <TextLine ID="eSc_line_7df7a96e"
                    
                    BASELINE="74 1729 96 1729" 
                    HPOS="74"
                    VPOS="1696"
                    WIDTH="22"
                    HEIGHT="44">
            <Shape><Polygon POINTS="74 1729 74 1696 96 1696 96 1729 96 1740 74 1740"/></Shape>
	    <String CONTENT=""
                    HPOS="74"
                    VPOS="1696"
                    WIDTH="22"
                    HEIGHT="44"></String>
          </TextLine>

          
        </TextBlock>
        
      </PrintSpace>
    </Page>
  </Layout>
</alto>
