<?xml version="1.0" encoding="UTF-8"?>
<alto xmlns:xsi="http://www.w3.org/2001/XMLSchema-instance"
      xmlns="http://www.loc.gov/standards/alto/ns-v4#"
      xsi:schemaLocation="http://www.loc.gov/standards/alto/ns-v4# http://www.loc.gov/standards/alto/v4/alto-4-2.xsd">
  <Description>
    <MeasurementUnit>pixel</MeasurementUnit>
    <sourceImageInformation>
      <fileName>00033.jpg</fileName>
      
    </sourceImageInformation>
  </Description>
  
  <Tags>
    <OtherTag ID="BT2" LABEL="Main" DESCRIPTION="block type Main"/><OtherTag ID="BT4" LABEL="Illustration" DESCRIPTION="block type Illustration"/><OtherTag ID="BT1315" LABEL="Running title" DESCRIPTION="block type Running title"/><OtherTag ID="BT1316" LABEL="Head" DESCRIPTION="block type Head"/><OtherTag ID="BT1317" LABEL="Page number" DESCRIPTION="block type Page number"/><OtherTag ID="BT1318" LABEL="Catchword" DESCRIPTION="block type Catchword"/><OtherTag ID="BT1319" LABEL="Footnotes" DESCRIPTION="block type Footnotes"/>
    
  </Tags>
  
  <Layout>
    <Page WIDTH="1565"
          HEIGHT="2187"
          PHYSICAL_IMG_NR="32"
          ID="eSc_dummypage_">
      <PrintSpace HPOS="0"
                  VPOS="0"
                  WIDTH="1565"
                  HEIGHT="2187">
        
        <TextBlock HPOS="460"
                   VPOS="1691"
                   WIDTH="477"
                   HEIGHT="146"
                   ID="eSc_textblock_ee1d6d75"
                   TAGREFS="BT1315">
          <Shape><Polygon POINTS="937 1837 937 1691 460 1691 460 1837"/></Shape>
          
        </TextBlock>
        
        <TextBlock HPOS="498"
                   VPOS="374"
                   WIDTH="485"
                   HEIGHT="121"
                   ID="eSc_textblock_0eae8c91"
                   TAGREFS="BT1315">
          <Shape><Polygon POINTS="983 495 983 374 498 374 498 495"/></Shape>
          
        </TextBlock>
        
        <TextBlock HPOS="631"
                   VPOS="181"
                   WIDTH="193"
                   HEIGHT="42"
                   ID="eSc_textblock_f226f6b3"
                   TAGREFS="BT1315">
          <Shape><Polygon POINTS="824 223 824 181 631 181 631 223"/></Shape>
          
        </TextBlock>
        
        <TextBlock HPOS="117"
                   VPOS="1862"
                   WIDTH="1250"
                   HEIGHT="167"
                   ID="eSc_textblock_b06cf8b8"
                   TAGREFS="BT2">
          <Shape><Polygon POINTS="1367 2029 1367 1862 117 1862 117 2029"/></Shape>
          
        </TextBlock>
        
        <TextBlock HPOS="113"
                   VPOS="528"
                   WIDTH="1275"
                   HEIGHT="1129"
                   ID="eSc_textblock_1e120b13"
                   TAGREFS="BT2">
          <Shape><Polygon POINTS="1388 1657 1388 528 113 528 113 1657"/></Shape>
          
        </TextBlock>
        
        <TextBlock HPOS="815"
                   VPOS="261"
                   WIDTH="523"
                   HEIGHT="87"
                   ID="eSc_textblock_51973985"
                   TAGREFS="BT2">
          <Shape><Polygon POINTS="1338 348 1338 261 815 261 815 348"/></Shape>
          
        </TextBlock>
        
        <TextBlock HPOS="96"
                   VPOS="181"
                   WIDTH="88"
                   HEIGHT="55"
                   ID="eSc_textblock_c7d79a00"
                   TAGREFS="BT1317">
          <Shape><Polygon POINTS="96 181 96 236 184 236 184 181"/></Shape>
          
        </TextBlock>
        

        
        <TextBlock ID="eSc_dummyblock_">
          
          
          <TextLine ID="eSc_line_9d055252"
                    
                    BASELINE="840 322 1322 317" 
                    HPOS="839"
                    VPOS="282"
                    WIDTH="483"
                    HEIGHT="58">
            <Shape><Polygon POINTS="840 322 839 287 1320 282 1322 317 1322 335 840 340"/></Shape>
	    <String CONTENT="كه لايق حوصلهٔ شما نيست ."
                    HPOS="839"
                    VPOS="282"
                    WIDTH="483"
                    HEIGHT="58"></String>
          </TextLine>

          
          
          <TextLine ID="eSc_line_75c97d7c"
                    
                    BASELINE="525 482 950 477" 
                    HPOS="523"
                    VPOS="433"
                    WIDTH="427"
                    HEIGHT="62">
            <Shape><Polygon POINTS="525 482 523 439 948 433 950 477 950 490 525 495"/></Shape>
	    <String CONTENT="در بیان آنکه روح چیست"
                    HPOS="523"
                    VPOS="433"
                    WIDTH="427"
                    HEIGHT="62"></String>
          </TextLine>

          
          
          <TextLine ID="eSc_line_3b251249"
                    
                    BASELINE="618 413 844 408" 
                    HPOS="616"
                    VPOS="368"
                    WIDTH="228"
                    HEIGHT="60">
            <Shape><Polygon POINTS="618 413 616 373 842 368 844 408 844 422 618 428"/></Shape>
	    <String CONTENT="مصل یازدهم"
                    HPOS="616"
                    VPOS="368"
                    WIDTH="228"
                    HEIGHT="60"></String>
          </TextLine>

          
          
          <TextLine ID="eSc_line_dd26bf2d"
                    
                    BASELINE="120 575 1227 572" 
                    HPOS="118"
                    VPOS="530"
                    WIDTH="1109"
                    HEIGHT="62">
            <Shape><Polygon POINTS="120 575 118 533 1225 530 1227 572 1227 588 120 592"/></Shape>
	    <String CONTENT="20) بدان که روح نباتی جوهر است ومكمل ومحرك جسم است"
                    HPOS="118"
                    VPOS="530"
                    WIDTH="1109"
                    HEIGHT="62"></String>
          </TextLine>

          
          
          <TextLine ID="eSc_line_c03075b0"
                    
                    BASELINE="125 657 828 656 1116 663 1344 654" 
                    HPOS="124"
                    VPOS="612"
                    WIDTH="1220"
                    HEIGHT="67">
            <Shape><Polygon POINTS="125 657 124 616 826 614 828 614 1114 621 1342 612 1344 654 1344 670 1116 679 1114 679 826 672 125 674"/></Shape>
	    <String CONTENT="بالعطبع ، وروح حيوانى جوهر است ومكمل ومحرك جسم است بالاختيار ،"
                    HPOS="124"
                    VPOS="612"
                    WIDTH="1220"
                    HEIGHT="67"></String>
          </TextLine>

          
          
          <TextLine ID="eSc_line_7afb3da6"
                    
                    BASELINE="127 743 512 736 1349 739" 
                    HPOS="125"
                    VPOS="692"
                    WIDTH="1224"
                    HEIGHT="66">
            <Shape><Polygon POINTS="127 743 125 699 510 692 512 692 1349 696 1349 739 1347 754 512 750 127 758"/></Shape>
	    <String CONTENT="وروح انسانى جوهر بسيط است ومكقل ومحرك جسم است بالاختیار"
                    HPOS="125"
                    VPOS="692"
                    WIDTH="1224"
                    HEIGHT="66"></String>
          </TextLine>

          
          
          <TextLine ID="eSc_line_2e461c11"
                    
                    BASELINE="122 823 1121 821 1347 812" 
                    HPOS="120"
                    VPOS="763"
                    WIDTH="1227"
                    HEIGHT="78">
            <Shape><Polygon POINTS="122 823 120 772 1119 770 1344 763 1347 812 1347 831 1121 840 1121 840 122 841"/></Shape>
	    <String CONTENT="والعقل . واگر اين عبارترا فهم نمى كنى بعبارت ديگر بگويم . بدان"
                    HPOS="120"
                    VPOS="763"
                    WIDTH="1227"
                    HEIGHT="78"></String>
          </TextLine>

          
          
          <TextLine ID="eSc_line_c3f50dc4"
                    
                    BASELINE="122 894 454 905 1333 893" 
                    HPOS="120"
                    VPOS="847"
                    WIDTH="1213"
                    HEIGHT="87">
            <Shape><Polygon POINTS="122 894 122 849 454 860 1331 847 1333 893 1333 922 454 934 452 934 120 924"/></Shape>
	    <String CONTENT="که روح حيوانی مدرك جزئیات است وروح انسانی مدرك جزئیات و کليات ."
                    HPOS="120"
                    VPOS="847"
                    WIDTH="1213"
                    HEIGHT="87"></String>
          </TextLine>

          
          
          <TextLine ID="eSc_line_160a5055"
                    
                    BASELINE="129 985 310 978 1349 980" 
                    HPOS="127"
                    VPOS="938"
                    WIDTH="1222"
                    HEIGHT="75">
            <Shape><Polygon POINTS="129 985 127 945 308 938 310 938 1349 940 1349 980 1347 1007 310 1006 129 1013"/></Shape>
	    <String CONTENT="وروح حيوانی دریابندهٔ نفع وضر است وروح انسانی در یابندهٔ نفع وضر"
                    HPOS="127"
                    VPOS="938"
                    WIDTH="1222"
                    HEIGHT="75"></String>
          </TextLine>

          
          
          <TextLine ID="eSc_line_f065d56f"
                    
                    BASELINE="922 1057 1347 1053" 
                    HPOS="921"
                    VPOS="1018"
                    WIDTH="426"
                    HEIGHT="57">
            <Shape><Polygon POINTS="922 1057 921 1022 1346 1018 1347 1053 1347 1071 922 1075"/></Shape>
	    <String CONTENT="است وانفع واضر است ."
                    HPOS="921"
                    VPOS="1018"
                    WIDTH="426"
                    HEIGHT="57"></String>
          </TextLine>

          
          
          <TextLine ID="eSc_line_e14ec2df"
                    
                    BASELINE="122 1151 1254 1135" 
                    HPOS="120"
                    VPOS="1095"
                    WIDTH="1134"
                    HEIGHT="71">
            <Shape><Polygon POINTS="122 1151 120 1111 1253 1095 1254 1135 1254 1149 122 1166"/></Shape>
	    <String CONTENT="(21) ای درویش ! روح انسانی حی وعالم ومرید وقادر وسمیع و بصیر"
                    HPOS="120"
                    VPOS="1095"
                    WIDTH="1134"
                    HEIGHT="71"></String>
          </TextLine>

          
          
          <TextLine ID="eSc_line_8c2e8ede"
                    
                    BASELINE="124 1228 1349 1213" 
                    HPOS="122"
                    VPOS="1171"
                    WIDTH="1227"
                    HEIGHT="70">
            <Shape><Polygon POINTS="124 1228 122 1186 1347 1171 1349 1213 1349 1226 124 1241"/></Shape>
	    <String CONTENT="ومتكلم است ، ونه چنان است که از موضعی می بیند واز موضعی دیکر"
                    HPOS="122"
                    VPOS="1171"
                    WIDTH="1227"
                    HEIGHT="70"></String>
          </TextLine>

          
          
          <TextLine ID="eSc_line_ff8684f5"
                    
                    BASELINE="122 1314 437 1303 1351 1303" 
                    HPOS="120"
                    VPOS="1259"
                    WIDTH="1231"
                    HEIGHT="69">
            <Shape><Polygon POINTS="122 1314 120 1270 435 1259 437 1259 1351 1259 1351 1303 1351 1319 437 1319 122 1328"/></Shape>
	    <String CONTENT="می شنود ، واز موضعی دیگر می گوید چنانکه قالب که این چنین"
                    HPOS="120"
                    VPOS="1259"
                    WIDTH="1231"
                    HEIGHT="69"></String>
          </TextLine>

          
          
          <TextLine ID="eSc_line_36b6ff12"
                    
                    BASELINE="125 1390 1347 1379" 
                    HPOS="124"
                    VPOS="1341"
                    WIDTH="1223"
                    HEIGHT="62">
            <Shape><Polygon POINTS="125 1390 124 1352 1346 1341 1347 1379 1347 1392 125 1403"/></Shape>
	    <String CONTENT="متجزی وقابل قسمت باشد، وروح انسانی متجزی وقابل قسمت نیست روح"
                    HPOS="124"
                    VPOS="1341"
                    WIDTH="1223"
                    HEIGHT="62"></String>
          </TextLine>

          
          
          <TextLine ID="eSc_line_5c47ca3d"
                    
                    BASELINE="122 1468 1349 1458" 
                    HPOS="120"
                    VPOS="1419"
                    WIDTH="1229"
                    HEIGHT="62">
            <Shape><Polygon POINTS="122 1468 120 1430 1347 1419 1349 1458 1349 1470 122 1481"/></Shape>
	    <String CONTENT="انسانی در وقت دانش همه داناست ودر وقت دیدن همه بیناست ودر وقت"
                    HPOS="120"
                    VPOS="1419"
                    WIDTH="1229"
                    HEIGHT="62"></String>
          </TextLine>

          
          
          <TextLine ID="eSc_line_c9803862"
                    
                    BASELINE="120 1550 1349 1540" 
                    HPOS="118"
                    VPOS="1499"
                    WIDTH="1231"
                    HEIGHT="66">
            <Shape><Polygon POINTS="120 1550 118 1510 1347 1499 1349 1540 1349 1554 120 1565"/></Shape>
	    <String CONTENT="شنیدن همه شنواست ودر وقت گفتن همد گویاست ودر همد صفات هم چنین"
                    HPOS="118"
                    VPOS="1499"
                    WIDTH="1231"
                    HEIGHT="66"></String>
          </TextLine>

          
          
          <TextLine ID="eSc_line_172ffa0c"
                    
                    BASELINE="811 1622 1351 1627" 
                    HPOS="809"
                    VPOS="1587"
                    WIDTH="542"
                    HEIGHT="56">
            <Shape><Polygon POINTS="811 1622 811 1587 1351 1592 1351 1627 1349 1643 809 1638"/></Shape>
	    <String CONTENT="میدان وبسایط هم چنین باشد ."
                    HPOS="809"
                    VPOS="1587"
                    WIDTH="542"
                    HEIGHT="56"></String>
          </TextLine>

          
          
          <TextLine ID="eSc_line_58d6d476"
                    
                    BASELINE="583 1727 839 1722" 
                    HPOS="581"
                    VPOS="1682"
                    WIDTH="258"
                    HEIGHT="60">
            <Shape><Polygon POINTS="583 1727 581 1687 837 1682 839 1722 839 1736 583 1742"/></Shape>
	    <String CONTENT="فصل دوازدهم"
                    HPOS="581"
                    VPOS="1682"
                    WIDTH="258"
                    HEIGHT="60"></String>
          </TextLine>

          
          
          <TextLine ID="eSc_line_6142d397"
                    
                    BASELINE="479 1813 922 1806" 
                    HPOS="477"
                    VPOS="1760"
                    WIDTH="445"
                    HEIGHT="69">
            <Shape><Polygon POINTS="479 1813 477 1767 921 1760 922 1806 922 1822 479 1829"/></Shape>
	    <String CONTENT="در بیان ترقی روح انسانی"
                    HPOS="477"
                    VPOS="1760"
                    WIDTH="445"
                    HEIGHT="69"></String>
          </TextLine>

          
          
          <TextLine ID="eSc_line_ee78ef1d"
                    
                    BASELINE="120 1906 474 1895 1258 1897" 
                    HPOS="118"
                    VPOS="1853"
                    WIDTH="1140"
                    HEIGHT="69">
            <Shape><Polygon POINTS="120 1906 118 1864 472 1853 474 1853 1258 1855 1258 1897 1256 1913 474 1911 120 1922"/></Shape>
	    <String CONTENT="(22) بدان که اهل شريعت می گویند که انسان چون تصدیق"
                    HPOS="118"
                    VPOS="1853"
                    WIDTH="1140"
                    HEIGHT="69"></String>
          </TextLine>

          
          
          <TextLine ID="eSc_line_43bcaed5"
                    
                    BASELINE="29 1979 1336 1970" 
                    HPOS="27"
                    VPOS="1931"
                    WIDTH="1309"
                    HEIGHT="77">
            <Shape><Polygon POINTS="29 1979 27 1940 1335 1931 1336 1970 1336 1999 29 2008"/></Shape>
	    <String CONTENT="نبیا کرد ومقلد انبيا شد ، بمقام ايمان رسید ونام او مؤمن گشت . 21"
                    HPOS="27"
                    VPOS="1931"
                    WIDTH="1309"
                    HEIGHT="77"></String>
          </TextLine>

          
          
          <TextLine ID="eSc_line_ad385ef1"
                    
                    BASELINE="647 218 793 218" 
                    HPOS="647"
                    VPOS="182"
                    WIDTH="146"
                    HEIGHT="45">
            <Shape><Polygon POINTS="647 218 647 182 793 182 793 218 793 227 647 227"/></Shape>
	    <String CONTENT="رسالهٔ اول"
                    HPOS="647"
                    VPOS="182"
                    WIDTH="146"
                    HEIGHT="45"></String>
          </TextLine>

          
          
          <TextLine ID="eSc_line_aee3bcd7"
                    
                    BASELINE="129 224 173 224" 
                    HPOS="129"
                    VPOS="198"
                    WIDTH="44"
                    HEIGHT="37">
            <Shape><Polygon POINTS="129 224 129 198 173 198 173 224 173 235 129 235"/></Shape>
	    <String CONTENT="27"
                    HPOS="129"
                    VPOS="198"
                    WIDTH="44"
                    HEIGHT="37"></String>
          </TextLine>

          
          
          <TextLine ID="eSc_line_cd643147"
                    
                    BASELINE="63 749 74 747" 
                    HPOS="58"
                    VPOS="718"
                    WIDTH="18"
                    HEIGHT="45">
            <Shape><Polygon POINTS="63 749 58 719 69 718 74 747 76 761 65 763"/></Shape>
	    <String CONTENT="4"
                    HPOS="58"
                    VPOS="718"
                    WIDTH="18"
                    HEIGHT="45"></String>
          </TextLine>

          
          
          <TextLine ID="eSc_line_01144470"
                    
                    BASELINE="56 987 74 985" 
                    HPOS="52"
                    VPOS="958"
                    WIDTH="22"
                    HEIGHT="46">
            <Shape><Polygon POINTS="56 987 52 960 71 958 74 985 74 1002 56 1004"/></Shape>
	    <String CONTENT=""
                    HPOS="52"
                    VPOS="958"
                    WIDTH="22"
                    HEIGHT="46"></String>
          </TextLine>

          
          
          <TextLine ID="eSc_line_447cb915"
                    
                    BASELINE="52 1230 74 1228" 
                    HPOS="49"
                    VPOS="1190"
                    WIDTH="25"
                    HEIGHT="49">
            <Shape><Polygon POINTS="52 1230 49 1191 71 1190 74 1228 74 1237 52 1239"/></Shape>
	    <String CONTENT="4"
                    HPOS="49"
                    VPOS="1190"
                    WIDTH="25"
                    HEIGHT="49"></String>
          </TextLine>

          
          
          <TextLine ID="eSc_line_515068ec"
                    
                    BASELINE="45 1470 69 1470" 
                    HPOS="45"
                    VPOS="1439"
                    WIDTH="24"
                    HEIGHT="44">
            <Shape><Polygon POINTS="45 1470 45 1439 69 1439 69 1470 69 1483 45 1483"/></Shape>
	    <String CONTENT=""
                    HPOS="45"
                    VPOS="1439"
                    WIDTH="24"
                    HEIGHT="44"></String>
          </TextLine>

          
          
          <TextLine ID="eSc_line_f2257f28"
                    
                    BASELINE="1395 1961 1481 1961" 
                    HPOS="1395"
                    VPOS="1915"
                    WIDTH="86"
                    HEIGHT="58">
            <Shape><Polygon POINTS="1395 1961 1395 1915 1481 1915 1481 1961 1481 1973 1395 1973"/></Shape>
	    <String CONTENT="رد"
                    HPOS="1395"
                    VPOS="1915"
                    WIDTH="86"
                    HEIGHT="58"></String>
          </TextLine>

          
          
          <TextLine ID="eSc_line_25335a8d"
                    
                    BASELINE="1420 2006 1455 2004" 
                    HPOS="1419"
                    VPOS="1973"
                    WIDTH="36"
                    HEIGHT="46">
            <Shape><Polygon POINTS="1420 2006 1419 1975 1453 1973 1455 2004 1455 2017 1420 2019"/></Shape>
	    <String CONTENT="(4"
                    HPOS="1419"
                    VPOS="1973"
                    WIDTH="36"
                    HEIGHT="46"></String>
          </TextLine>

          
        </TextBlock>
        
      </PrintSpace>
    </Page>
  </Layout>
</alto>
