<?xml version="1.0" encoding="UTF-8"?>
<alto xmlns:xsi="http://www.w3.org/2001/XMLSchema-instance"
      xmlns="http://www.loc.gov/standards/alto/ns-v4#"
      xsi:schemaLocation="http://www.loc.gov/standards/alto/ns-v4# http://www.loc.gov/standards/alto/v4/alto-4-2.xsd">
  <Description>
    <MeasurementUnit>pixel</MeasurementUnit>
    <sourceImageInformation>
      <fileName>00034.jpg</fileName>
      
    </sourceImageInformation>
  </Description>
  
  <Tags>
    <OtherTag ID="BT2" LABEL="Main" DESCRIPTION="block type Main"/><OtherTag ID="BT4" LABEL="Illustration" DESCRIPTION="block type Illustration"/><OtherTag ID="BT1315" LABEL="Running title" DESCRIPTION="block type Running title"/><OtherTag ID="BT1316" LABEL="Head" DESCRIPTION="block type Head"/><OtherTag ID="BT1317" LABEL="Page number" DESCRIPTION="block type Page number"/><OtherTag ID="BT1318" LABEL="Catchword" DESCRIPTION="block type Catchword"/><OtherTag ID="BT1319" LABEL="Footnotes" DESCRIPTION="block type Footnotes"/>
    
  </Tags>
  
  <Layout>
    <Page WIDTH="1633"
          HEIGHT="2155"
          PHYSICAL_IMG_NR="33"
          ID="eSc_dummypage_">
      <PrintSpace HPOS="0"
                  VPOS="0"
                  WIDTH="1633"
                  HEIGHT="2155">
        
        <TextBlock HPOS="140"
                   VPOS="237"
                   WIDTH="1282"
                   HEIGHT="1732"
                   ID="eSc_textblock_7bf9b7a0"
                   TAGREFS="BT2">
          <Shape><Polygon POINTS="1422 1969 1422 237 140 237 140 1969"/></Shape>
          
        </TextBlock>
        
        <TextBlock HPOS="567"
                   VPOS="154"
                   WIDTH="327"
                   HEIGHT="44"
                   ID="eSc_textblock_fc2368d2"
                   TAGREFS="BT1315">
          <Shape><Polygon POINTS="567 154 567 198 894 198 894 154"/></Shape>
          
        </TextBlock>
        
        <TextBlock HPOS="1305"
                   VPOS="141"
                   WIDTH="113"
                   HEIGHT="48"
                   ID="eSc_textblock_6a326c23"
                   TAGREFS="BT1317">
          <Shape><Polygon POINTS="1305 141 1305 189 1387 185 1418 141"/></Shape>
          
        </TextBlock>
        

        
        <TextBlock ID="eSc_dummyblock_">
          
          
          <TextLine ID="eSc_line_f3001600"
                    
                    BASELINE="1311 179 1365 184" 
                    HPOS="1309"
                    VPOS="147"
                    WIDTH="58"
                    HEIGHT="48">
            <Shape><Polygon POINTS="1311 179 1313 147 1367 152 1365 184 1363 195 1309 190"/></Shape>
	    <String CONTENT="28"
                    HPOS="1309"
                    VPOS="147"
                    WIDTH="58"
                    HEIGHT="48"></String>
          </TextLine>

          
          
          <TextLine ID="eSc_line_25535e41"
                    
                    BASELINE="165 285 1376 281" 
                    HPOS="163"
                    VPOS="240"
                    WIDTH="1213"
                    HEIGHT="58">
            <Shape><Polygon POINTS="165 285 163 244 1374 240 1376 281 1376 294 165 298"/></Shape>
	    <String CONTENT="وچون با وجود تصدیق وتقلید انبیا عبادت بسیار کرد واوقات شب وروزرا"
                    HPOS="163"
                    VPOS="240"
                    WIDTH="1213"
                    HEIGHT="58"></String>
          </TextLine>

          
          
          <TextLine ID="eSc_line_23edb7f5"
                    
                    BASELINE="158 355 1140 364 1372 351" 
                    HPOS="156"
                    VPOS="310"
                    WIDTH="1216"
                    HEIGHT="72">
            <Shape><Polygon POINTS="158 355 158 314 1138 323 1368 310 1372 351 1372 369 1140 382 1138 382 156 373"/></Shape>
	    <String CONTENT="قسمت کرد وبيشتر بعبادت گذرانید ، بمقام عبادت رسید ونام او عابد"
                    HPOS="156"
                    VPOS="310"
                    WIDTH="1216"
                    HEIGHT="72"></String>
          </TextLine>

          
          
          <TextLine ID="eSc_line_fefecbf0"
                    
                    BASELINE="161 438 1072 445 1381 434" 
                    HPOS="159"
                    VPOS="391"
                    WIDTH="1222"
                    HEIGHT="74">
            <Shape><Polygon POINTS="161 438 161 395 1070 402 1379 391 1381 434 1381 454 1072 465 1070 465 159 457"/></Shape>
	    <String CONTENT="شد وتمام گشت . وچون با وجود عبادت بسیار روی از دنیا بکلی گردانید"
                    HPOS="159"
                    VPOS="391"
                    WIDTH="1222"
                    HEIGHT="74"></String>
          </TextLine>

          
          
          <TextLine ID="eSc_line_333651d2"
                    
                    BASELINE="159 517 1379 524" 
                    HPOS="158"
                    VPOS="479"
                    WIDTH="1221"
                    HEIGHT="61">
            <Shape><Polygon POINTS="159 517 159 479 1379 486 1379 524 1377 540 158 533"/></Shape>
	    <String CONTENT="وترك حال وجاه كرد واز لذات وشهوات بدنی آزاد شد ، بمقام زهد"
                    HPOS="158"
                    VPOS="479"
                    WIDTH="1221"
                    HEIGHT="61"></String>
          </TextLine>

          
          
          <TextLine ID="eSc_line_bd7e3152"
                    
                    BASELINE="156 605 1379 605" 
                    HPOS="156"
                    VPOS="565"
                    WIDTH="1223"
                    HEIGHT="54">
            <Shape><Polygon POINTS="156 605 156 565 1379 565 1379 605 1379 619 156 619"/></Shape>
	    <String CONTENT="رسید ونام او زاهد کشت ؛ وچون با وجود زهد اشیارا کما هی وحکمت"
                    HPOS="156"
                    VPOS="565"
                    WIDTH="1223"
                    HEIGHT="54"></String>
          </TextLine>

          
          
          <TextLine ID="eSc_line_7749ebe8"
                    
                    BASELINE="161 700 609 689 1381 686" 
                    HPOS="159"
                    VPOS="646"
                    WIDTH="1222"
                    HEIGHT="70">
            <Shape><Polygon POINTS="161 700 159 660 607 650 607 650 1379 646 1381 686 1381 702 609 705 161 716"/></Shape>
	    <String CONTENT="اشیارا کماهی دانست ودید چنانکه در ملك وملکوت وجبروت هیچ چیز"
                    HPOS="159"
                    VPOS="646"
                    WIDTH="1222"
                    HEIGHT="70"></String>
          </TextLine>

          
          
          <TextLine ID="eSc_line_3dab0850"
                    
                    BASELINE="156 772 741 782 1144 775 1377 782" 
                    HPOS="154"
                    VPOS="729"
                    WIDTH="1223"
                    HEIGHT="71">
            <Shape><Polygon POINTS="156 772 156 729 741 739 950 734 1142 732 1144 732 1377 739 1377 782 1376 800 1142 793 952 797 741 800 740 800 154 790"/></Shape>
	    <String CONTENT="بر وی پوشيده نماند ، وخودرا وپروردگار خودرا شناخت ، بمقام معرفت"
                    HPOS="154"
                    VPOS="729"
                    WIDTH="1223"
                    HEIGHT="71"></String>
          </TextLine>

          
          
          <TextLine ID="eSc_line_171ff64c"
                    
                    BASELINE="1395 840 1467 833" 
                    HPOS="1392"
                    VPOS="806"
                    WIDTH="75"
                    HEIGHT="43">
            <Shape><Polygon POINTS="1395 840 1392 813 1464 806 1467 833 1467 842 1395 849"/></Shape>
	    <String CONTENT="ب"
                    HPOS="1392"
                    VPOS="806"
                    WIDTH="75"
                    HEIGHT="43"></String>
          </TextLine>

          
          
          <TextLine ID="eSc_line_e7359b86"
                    
                    BASELINE="158 863 404 854 896 862 1322 854 1377 845" 
                    HPOS="156"
                    VPOS="799"
                    WIDTH="1223"
                    HEIGHT="86">
            <Shape><Polygon POINTS="158 863 156 817 402 808 404 808 592 809 894 815 1316 808 1368 799 1377 845 1379 867 1324 876 1322 876 896 883 894 883 583 878 404 876 158 885"/></Shape>
	    <String CONTENT="رسيد ونام او عارف گشت . واین مقام عالى است واز سالكان اندکی بدین"
                    HPOS="156"
                    VPOS="799"
                    WIDTH="1223"
                    HEIGHT="86"></String>
          </TextLine>

          
          
          <TextLine ID="eSc_line_14314f82"
                    
                    BASELINE="156 941 1385 937" 
                    HPOS="154"
                    VPOS="899"
                    WIDTH="1231"
                    HEIGHT="54">
            <Shape><Polygon POINTS="156 941 154 903 1383 899 1385 937 1385 949 156 953"/></Shape>
	    <String CONTENT="مقام رسند که سرحد ولایت است . وچون با وجود معرفت اورا خدای"
                    HPOS="154"
                    VPOS="899"
                    WIDTH="1231"
                    HEIGHT="54"></String>
          </TextLine>

          
          
          <TextLine ID="eSc_line_a3751416"
                    
                    BASELINE="165 1020 1377 1016" 
                    HPOS="163"
                    VPOS="976"
                    WIDTH="1214"
                    HEIGHT="61">
            <Shape><Polygon POINTS="165 1020 163 980 1376 976 1377 1016 1377 1034 165 1037"/></Shape>
	    <String CONTENT="تعالى بمحبت والهام خود مخصوص گردانيد بمقام ولايت رسيد ونام او"
                    HPOS="163"
                    VPOS="976"
                    WIDTH="1214"
                    HEIGHT="61"></String>
          </TextLine>

          
          
          <TextLine ID="eSc_line_e5e169cc"
                    
                    BASELINE="159 1093 370 1106 1435 1097" 
                    HPOS="158"
                    VPOS="1050"
                    WIDTH="1277"
                    HEIGHT="74">
            <Shape><Polygon POINTS="159 1093 161 1050 370 1063 1433 1054 1435 1097 1435 1115 370 1124 368 1124 158 1111"/></Shape>
	    <String CONTENT="ک ولى كشت. وچون با وجود محبت والهام اورا حق تعالى بوحى ومعجزۀ"
                    HPOS="158"
                    VPOS="1050"
                    WIDTH="1277"
                    HEIGHT="74"></String>
          </TextLine>

          
          
          <TextLine ID="eSc_line_d8a5b347"
                    
                    BASELINE="156 1172 511 1183 1456 1185" 
                    HPOS="154"
                    VPOS="1127"
                    WIDTH="1302"
                    HEIGHT="74">
            <Shape><Polygon POINTS="156 1172 156 1127 511 1138 1456 1140 1456 1185 1455 1201 510 1199 510 1199 154 1188"/></Shape>
	    <String CONTENT="14 خود مخصوص گردانید وبر پیغام بخلق فرستاد تا خلق را بحق دعوت کند ،"
                    HPOS="154"
                    VPOS="1127"
                    WIDTH="1302"
                    HEIGHT="74"></String>
          </TextLine>

          
          
          <TextLine ID="eSc_line_41b0e326"
                    
                    BASELINE="161 1260 1372 1260" 
                    HPOS="161"
                    VPOS="1224"
                    WIDTH="1211"
                    HEIGHT="51">
            <Shape><Polygon POINTS="161 1260 161 1224 1372 1224 1372 1260 1372 1275 161 1275"/></Shape>
	    <String CONTENT="بمقام نبوت رسيد ونام وى نبی گشت . وچون با وجود وحی ومعجزه اورا"
                    HPOS="161"
                    VPOS="1224"
                    WIDTH="1211"
                    HEIGHT="51"></String>
          </TextLine>

          
          
          <TextLine ID="eSc_line_2b346b5b"
                    
                    BASELINE="161 1341 659 1336 768 1343 1370 1339" 
                    HPOS="159"
                    VPOS="1293"
                    WIDTH="1211"
                    HEIGHT="68">
            <Shape><Polygon POINTS="161 1341 159 1298 657 1293 661 1293 729 1296 768 1300 1368 1296 1370 1339 1370 1357 768 1361 767 1361 727 1359 657 1354 161 1359"/></Shape>
	    <String CONTENT="حق تعالى بكتاب خود مخصوص گردانید، بمقام رسالت رسید ونام او"
                    HPOS="159"
                    VPOS="1293"
                    WIDTH="1211"
                    HEIGHT="68"></String>
          </TextLine>

          
          
          <TextLine ID="eSc_line_4c8b6628"
                    
                    BASELINE="154 1413 1367 1420" 
                    HPOS="152"
                    VPOS="1373"
                    WIDTH="1215"
                    HEIGHT="63">
            <Shape><Polygon POINTS="154 1413 154 1373 1367 1380 1367 1420 1365 1436 152 1429"/></Shape>
	    <String CONTENT="سول كشت . وچون با وجود کتاب شریعت اول را منسوخ گردانید"
                    HPOS="152"
                    VPOS="1373"
                    WIDTH="1215"
                    HEIGHT="63"></String>
          </TextLine>

          
          
          <TextLine ID="eSc_line_02e06a57"
                    
                    BASELINE="154 1490 1474 1503" 
                    HPOS="152"
                    VPOS="1449"
                    WIDTH="1322"
                    HEIGHT="79">
            <Shape><Polygon POINTS="154 1490 154 1449 1474 1461 1474 1503 1473 1528 152 1515"/></Shape>
	    <String CONTENT="لالم وشريعتى ديكر نهاد بمقام اولو العزم رسيد ونام او اولو العزم گشت ."
                    HPOS="152"
                    VPOS="1449"
                    WIDTH="1322"
                    HEIGHT="79"></String>
          </TextLine>

          
          
          <TextLine ID="eSc_line_3eb0b88d"
                    
                    BASELINE="158 1580 1377 1583" 
                    HPOS="156"
                    VPOS="1533"
                    WIDTH="1221"
                    HEIGHT="61">
            <Shape><Polygon POINTS="158 1580 158 1533 1377 1537 1377 1583 1376 1594 156 1591"/></Shape>
	    <String CONTENT="وچون با وجود آنکه شریعت اولرا منسوخ گردانید وشریعتی دیگر"
                    HPOS="156"
                    VPOS="1533"
                    WIDTH="1221"
                    HEIGHT="61"></String>
          </TextLine>

          
          
          <TextLine ID="eSc_line_ee0bc43f"
                    
                    BASELINE="161 1661 1374 1661" 
                    HPOS="161"
                    VPOS="1621"
                    WIDTH="1213"
                    HEIGHT="56">
            <Shape><Polygon POINTS="161 1661 161 1621 1374 1621 1374 1661 1374 1677 161 1677"/></Shape>
	    <String CONTENT="نهاد ، اورا خدای تعالی ختم نبوت گردانید وبمقام ختم رسید ونام او"
                    HPOS="161"
                    VPOS="1621"
                    WIDTH="1213"
                    HEIGHT="56"></String>
          </TextLine>

          
          
          <TextLine ID="eSc_line_34029dd1"
                    
                    BASELINE="711 1745 1099 1752 1386 1738" 
                    HPOS="709"
                    VPOS="1691"
                    WIDTH="677"
                    HEIGHT="86">
            <Shape><Polygon POINTS="711 1745 711 1698 1097 1706 1383 1691 1386 1738 1386 1763 1099 1777 1097 1777 709 1770"/></Shape>
	    <String CONTENT="خاتم گشت . این بود ترقی روح انسانی ."
                    HPOS="709"
                    VPOS="1691"
                    WIDTH="677"
                    HEIGHT="86"></String>
          </TextLine>

          
          
          <TextLine ID="eSc_line_8ad43856"
                    
                    BASELINE="152 1840 481 1858 1277 1851" 
                    HPOS="150"
                    VPOS="1792"
                    WIDTH="1127"
                    HEIGHT="90">
            <Shape><Polygon POINTS="152 1840 154 1792 481 1810 1275 1803 1277 1851 1277 1874 481 1882 479 1880 150 1862"/></Shape>
	    <String CONTENT="23) ای درویش ! روح مؤمن یك مرتبه ترقی کرد وروح خاتم نه"
                    HPOS="150"
                    VPOS="1792"
                    WIDTH="1127"
                    HEIGHT="90"></String>
          </TextLine>

          
          
          <TextLine ID="eSc_line_0fbad9f9"
                    
                    BASELINE="154 1946 1234 1953 1473 1943" 
                    HPOS="152"
                    VPOS="1896"
                    WIDTH="1321"
                    HEIGHT="74">
            <Shape><Polygon POINTS="154 1946 154 1899 1232 1907 1469 1896 1473 1943 1473 1959 1234 1970 1232 1970 152 1962"/></Shape>
	    <String CONTENT="41 مرتبه ترقی کرد . چون اول وآخررا دانستی اكنون باقیرا همچنین"
                    HPOS="152"
                    VPOS="1896"
                    WIDTH="1321"
                    HEIGHT="74"></String>
          </TextLine>

          
          
          <TextLine ID="eSc_line_1098f56d"
                    
                    BASELINE="1403 348 1467 339" 
                    HPOS="1397"
                    VPOS="307"
                    WIDTH="72"
                    HEIGHT="59">
            <Shape><Polygon POINTS="1403 348 1397 316 1462 307 1467 339 1469 357 1404 366"/></Shape>
	    <String CONTENT="حابد"
                    HPOS="1397"
                    VPOS="307"
                    WIDTH="72"
                    HEIGHT="59"></String>
          </TextLine>

          
          
          <TextLine ID="eSc_line_6e85a691"
                    
                    BASELINE="1419 431 1460 427" 
                    HPOS="1415"
                    VPOS="391"
                    WIDTH="45"
                    HEIGHT="50">
            <Shape><Polygon POINTS="1419 431 1415 395 1456 391 1460 427 1460 438 1419 441"/></Shape>
	    <String CONTENT="2"
                    HPOS="1415"
                    VPOS="391"
                    WIDTH="45"
                    HEIGHT="50"></String>
          </TextLine>

          
          
          <TextLine ID="eSc_line_ff9b38d2"
                    
                    BASELINE="1412 608 1458 615" 
                    HPOS="1404"
                    VPOS="563"
                    WIDTH="60"
                    HEIGHT="88">
            <Shape><Polygon POINTS="1412 608 1417 563 1464 571 1458 615 1451 651 1404 644"/></Shape>
	    <String CONTENT="ابر"
                    HPOS="1404"
                    VPOS="563"
                    WIDTH="60"
                    HEIGHT="88"></String>
          </TextLine>

          
          
          <TextLine ID="eSc_line_11780647"
                    
                    BASELINE="1424 686 1449 686" 
                    HPOS="1424"
                    VPOS="653"
                    WIDTH="25"
                    HEIGHT="41">
            <Shape><Polygon POINTS="1424 686 1424 653 1449 653 1449 686 1449 694 1424 694"/></Shape>
	    <String CONTENT=""
                    HPOS="1424"
                    VPOS="653"
                    WIDTH="25"
                    HEIGHT="41"></String>
          </TextLine>

          
          
          <TextLine ID="eSc_line_ba6c2849"
                    
                    BASELINE="591 188 869 184" 
                    HPOS="589"
                    VPOS="150"
                    WIDTH="280"
                    HEIGHT="49">
            <Shape><Polygon POINTS="591 188 589 154 867 150 869 184 869 195 591 199"/></Shape>
	    <String CONTENT="كتاب الانسان الكامل"
                    HPOS="589"
                    VPOS="150"
                    WIDTH="280"
                    HEIGHT="49"></String>
          </TextLine>

          
          
          <TextLine ID="eSc_line_abb4c2c2"
                    
                    BASELINE="1413 937 1456 939" 
                    HPOS="1412"
                    VPOS="905"
                    WIDTH="44"
                    HEIGHT="46">
            <Shape><Polygon POINTS="1413 937 1413 905 1456 906 1456 939 1455 951 1412 949"/></Shape>
	    <String CONTENT="5"
                    HPOS="1412"
                    VPOS="905"
                    WIDTH="44"
                    HEIGHT="46"></String>
          </TextLine>

          
          
          <TextLine ID="eSc_line_7ddcc993"
                    
                    BASELINE="1442 1296 1467 1291" 
                    HPOS="1435"
                    VPOS="1260"
                    WIDTH="36"
                    HEIGHT="54">
            <Shape><Polygon POINTS="1442 1296 1435 1266 1460 1260 1467 1291 1471 1309 1446 1314"/></Shape>
	    <String CONTENT="کی"
                    HPOS="1435"
                    VPOS="1260"
                    WIDTH="36"
                    HEIGHT="54"></String>
          </TextLine>

          
          
          <TextLine ID="eSc_line_46e49f88"
                    
                    BASELINE="1421 1738 1483 1734" 
                    HPOS="1417"
                    VPOS="1698"
                    WIDTH="66"
                    HEIGHT="67">
            <Shape><Polygon POINTS="1421 1738 1417 1702 1480 1698 1483 1734 1483 1761 1421 1765"/></Shape>
	    <String CONTENT="2"
                    HPOS="1417"
                    VPOS="1698"
                    WIDTH="66"
                    HEIGHT="67"></String>
          </TextLine>

          
        </TextBlock>
        
      </PrintSpace>
    </Page>
  </Layout>
</alto>
