<?xml version="1.0" encoding="UTF-8"?>
<alto xmlns:xsi="http://www.w3.org/2001/XMLSchema-instance"
      xmlns="http://www.loc.gov/standards/alto/ns-v4#"
      xsi:schemaLocation="http://www.loc.gov/standards/alto/ns-v4# http://www.loc.gov/standards/alto/v4/alto-4-2.xsd">
  <Description>
    <MeasurementUnit>pixel</MeasurementUnit>
    <sourceImageInformation>
      <fileName>00035.jpg</fileName>
      
    </sourceImageInformation>
  </Description>
  
  <Tags>
    <OtherTag ID="BT2" LABEL="Main" DESCRIPTION="block type Main"/><OtherTag ID="BT4" LABEL="Illustration" DESCRIPTION="block type Illustration"/><OtherTag ID="BT1315" LABEL="Running title" DESCRIPTION="block type Running title"/><OtherTag ID="BT1316" LABEL="Head" DESCRIPTION="block type Head"/><OtherTag ID="BT1317" LABEL="Page number" DESCRIPTION="block type Page number"/><OtherTag ID="BT1318" LABEL="Catchword" DESCRIPTION="block type Catchword"/><OtherTag ID="BT1319" LABEL="Footnotes" DESCRIPTION="block type Footnotes"/>
    
  </Tags>
  
  <Layout>
    <Page WIDTH="1572"
          HEIGHT="2186"
          PHYSICAL_IMG_NR="34"
          ID="eSc_dummypage_">
      <PrintSpace HPOS="0"
                  VPOS="0"
                  WIDTH="1572"
                  HEIGHT="2186">
        
        <TextBlock HPOS="113"
                   VPOS="270"
                   WIDTH="1269"
                   HEIGHT="1748"
                   ID="eSc_textblock_0b7221b5"
                   TAGREFS="BT2">
          <Shape><Polygon POINTS="1382 2018 1382 270 113 270 113 2018"/></Shape>
          
        </TextBlock>
        
        <TextBlock HPOS="693"
                   VPOS="186"
                   WIDTH="160"
                   HEIGHT="46"
                   ID="eSc_textblock_18fd04c2"
                   TAGREFS="BT1315">
          <Shape><Polygon POINTS="693 186 693 232 853 232 853 186"/></Shape>
          
        </TextBlock>
        
        <TextBlock HPOS="130"
                   VPOS="190"
                   WIDTH="72"
                   HEIGHT="42"
                   ID="eSc_textblock_d860c961"
                   TAGREFS="BT1317">
          <Shape><Polygon POINTS="130 190 130 232 202 232 202 190"/></Shape>
          
        </TextBlock>
        

        
        <TextBlock ID="eSc_dummyblock_">
          
          
          <TextLine ID="eSc_line_ad4ae2a5"
                    
                    BASELINE="131 315 1356 329" 
                    HPOS="129"
                    VPOS="273"
                    WIDTH="1227"
                    HEIGHT="69">
            <Shape><Polygon POINTS="131 315 131 273 1356 287 1356 329 1354 342 129 327"/></Shape>
	    <String CONTENT="می دان . چون ترقی روح انسانی معلوم کردی اکنون بدان که اهل"
                    HPOS="129"
                    VPOS="273"
                    WIDTH="1227"
                    HEIGHT="69"></String>
          </TextLine>

          
          
          <TextLine ID="eSc_line_a269fdf8"
                    
                    BASELINE="127 395 798 408 1364 404" 
                    HPOS="125"
                    VPOS="351"
                    WIDTH="1239"
                    HEIGHT="71">
            <Shape><Polygon POINTS="127 395 127 351 798 364 1362 360 1364 404 1364 418 798 422 796 422 125 409"/></Shape>
	    <String CONTENT="شریعت می گویند که ترقی روح انسانی همین نه مرتبد بیش نیست ،"
                    HPOS="125"
                    VPOS="351"
                    WIDTH="1239"
                    HEIGHT="71"></String>
          </TextLine>

          
          
          <TextLine ID="eSc_line_d37588ef"
                    
                    BASELINE="127 480 651 480 1362 497" 
                    HPOS="127"
                    VPOS="439"
                    WIDTH="1235"
                    HEIGHT="78">
            <Shape><Polygon POINTS="127 480 127 439 651 439 651 439 1362 455 1362 497 1360 517 649 500 127 500"/></Shape>
	    <String CONTENT="واين هر نه مرتبه اهل تقوى وعلم اند . اما هر كدام مرتبهئى كه بالاتر"
                    HPOS="127"
                    VPOS="439"
                    WIDTH="1235"
                    HEIGHT="78"></String>
          </TextLine>

          
          
          <TextLine ID="eSc_line_12aff3d0"
                    
                    BASELINE="125 575 403 568 1362 573" 
                    HPOS="124"
                    VPOS="520"
                    WIDTH="1238"
                    HEIGHT="72">
            <Shape><Polygon POINTS="125 575 124 528 401 520 403 520 1362 526 1362 573 1360 590 403 584 125 592"/></Shape>
	    <String CONTENT="است و آخرتر ، علم وتقوی او بیشتر است چنانکه علم و تقوی هیچ کس"
                    HPOS="124"
                    VPOS="520"
                    WIDTH="1238"
                    HEIGHT="72"></String>
          </TextLine>

          
          
          <TextLine ID="eSc_line_af384986"
                    
                    BASELINE="131 655 1364 663" 
                    HPOS="129"
                    VPOS="615"
                    WIDTH="1235"
                    HEIGHT="64">
            <Shape><Polygon POINTS="131 655 131 615 1364 623 1364 663 1362 679 129 672"/></Shape>
	    <String CONTENT="بعلم وتقوى خاتم نرسد وهر كدام آخرتر بالاتر است ، مقام او که بعد از"
                    HPOS="129"
                    VPOS="615"
                    WIDTH="1235"
                    HEIGHT="64"></String>
          </TextLine>

          
          
          <TextLine ID="eSc_line_f904dc48"
                    
                    BASELINE="65 743 543 752 1358 748" 
                    HPOS="63"
                    VPOS="699"
                    WIDTH="1295"
                    HEIGHT="69">
            <Shape><Polygon POINTS="65 743 65 699 543 708 1356 704 1358 748 1358 765 543 768 541 768 63 759"/></Shape>
	    <String CONTENT="مفارقت قالب باز گشت او بدان خواهد بود عالیتر وشریف تر است . چنانکه 5"
                    HPOS="63"
                    VPOS="699"
                    WIDTH="1295"
                    HEIGHT="69"></String>
          </TextLine>

          
          
          <TextLine ID="eSc_line_a10c1d43"
                    
                    BASELINE="125 823 1364 828" 
                    HPOS="124"
                    VPOS="788"
                    WIDTH="1240"
                    HEIGHT="59">
            <Shape><Polygon POINTS="125 823 125 788 1364 794 1364 828 1362 847 124 841"/></Shape>
	    <String CONTENT="مقام هيچ كس بمقام خاتم نرسد ، عرش خاص مقام خاتم انبياست ."
                    HPOS="124"
                    VPOS="788"
                    WIDTH="1240"
                    HEIGHT="59"></String>
          </TextLine>

          
          
          <TextLine ID="eSc_line_3aa7ae27"
                    
                    BASELINE="124 905 1358 914" 
                    HPOS="122"
                    VPOS="865"
                    WIDTH="1236"
                    HEIGHT="62">
            <Shape><Polygon POINTS="124 905 124 865 1358 874 1358 914 1356 927 122 918"/></Shape>
	    <String CONTENT="وبنزدیك اهل شریعت این هر ند مرتبه عطائی اند وهرییكرا مقامی معلوم"
                    HPOS="122"
                    VPOS="865"
                    WIDTH="1236"
                    HEIGHT="62"></String>
          </TextLine>

          
          
          <TextLine ID="eSc_line_45ffec9f"
                    
                    BASELINE="60 987 282 996 1360 996" 
                    HPOS="58"
                    VPOS="945"
                    WIDTH="1302"
                    HEIGHT="66">
            <Shape><Polygon POINTS="60 987 60 945 282 954 1360 954 1360 996 1360 1011 282 1011 280 1011 58 1001"/></Shape>
	    <String CONTENT="است وبسعی و کوشش ازمقام معلوم خود در نتوانند گذشت ، از جهت آنکه 5"
                    HPOS="58"
                    VPOS="945"
                    WIDTH="1302"
                    HEIGHT="66"></String>
          </TextLine>

          
          
          <TextLine ID="eSc_line_b0bc8276"
                    
                    BASELINE="125 1082 505 1078 806 1091 1356 1083" 
                    HPOS="124"
                    VPOS="1029"
                    WIDTH="1232"
                    HEIGHT="82">
            <Shape><Polygon POINTS="125 1082 124 1032 503 1029 506 1029 609 1032 806 1041 1354 1034 1356 1083 1356 1103 806 1111 804 1111 607 1103 503 1098 125 1102"/></Shape>
	    <String CONTENT="بنزدیك اهل شریعت ارواح را پیش از اجساد آفریده اند ، هر یكرا در"
                    HPOS="124"
                    VPOS="1029"
                    WIDTH="1232"
                    HEIGHT="82"></String>
          </TextLine>

          
          
          <TextLine ID="eSc_line_63998c35"
                    
                    BASELINE="120 1164 669 1173 1362 1165" 
                    HPOS="118"
                    VPOS="1118"
                    WIDTH="1244"
                    HEIGHT="73">
            <Shape><Polygon POINTS="120 1164 120 1118 669 1127 1360 1120 1362 1165 1362 1184 669 1191 667 1191 118 1182"/></Shape>
	    <String CONTENT="مقام معاوم ، هم از روی مكان هم از روی مكانت. چون بقالب آیند"
                    HPOS="118"
                    VPOS="1118"
                    WIDTH="1244"
                    HEIGHT="73"></String>
          </TextLine>

          
          
          <TextLine ID="eSc_line_10c7c8e8"
                    
                    BASELINE="36 1242 1362 1253" 
                    HPOS="34"
                    VPOS="1205"
                    WIDTH="1328"
                    HEIGHT="66">
            <Shape><Polygon POINTS="36 1242 36 1205 1362 1216 1362 1253 1360 1271 34 1260"/></Shape>
	    <String CONTENT="وعمر خود ضایع نكند وبسعی و كوشش مشغول باشند بمقام خود رسند ، 12"
                    HPOS="34"
                    VPOS="1205"
                    WIDTH="1328"
                    HEIGHT="66"></String>
          </TextLine>

          
          
          <TextLine ID="eSc_line_7dfe23e5"
                    
                    BASELINE="649 1324 1356 1335" 
                    HPOS="647"
                    VPOS="1286"
                    WIDTH="709"
                    HEIGHT="62">
            <Shape><Polygon POINTS="649 1324 649 1286 1356 1297 1356 1335 1354 1348 647 1337"/></Shape>
	    <String CONTENT="واز مقام معلوم خود در نتوانند گذشت ."
                    HPOS="647"
                    VPOS="1286"
                    WIDTH="709"
                    HEIGHT="62"></String>
          </TextLine>

          
          
          <TextLine ID="eSc_line_5d77b8be"
                    
                    BASELINE="122 1420 441 1428 674 1420 1251 1422" 
                    HPOS="120"
                    VPOS="1371"
                    WIDTH="1131"
                    HEIGHT="73">
            <Shape><Polygon POINTS="122 1420 122 1371 439 1379 645 1373 672 1371 674 1371 1251 1373 1251 1422 1249 1439 674 1437 647 1439 441 1444 439 1444 120 1437"/></Shape>
	    <String CONTENT="24) واهل حکمت هم می گویند که ترقی روح انسانی همین نه."
                    HPOS="120"
                    VPOS="1371"
                    WIDTH="1131"
                    HEIGHT="73"></String>
          </TextLine>

          
          
          <TextLine ID="eSc_line_2b3d8cf2"
                    
                    BASELINE="122 1501 1358 1506" 
                    HPOS="120"
                    VPOS="1460"
                    WIDTH="1238"
                    HEIGHT="61">
            <Shape><Polygon POINTS="122 1501 122 1460 1358 1466 1358 1506 1356 1521 120 1515"/></Shape>
	    <String CONTENT="مرتبه بيش نيست واين هر نه مرتبهٔ اهل علم وطهارت اند ، و هر كدام"
                    HPOS="120"
                    VPOS="1460"
                    WIDTH="1238"
                    HEIGHT="61"></String>
          </TextLine>

          
          
          <TextLine ID="eSc_line_7f4f2f49"
                    
                    BASELINE="127 1590 1358 1586" 
                    HPOS="125"
                    VPOS="1546"
                    WIDTH="1233"
                    HEIGHT="60">
            <Shape><Polygon POINTS="127 1590 125 1550 1356 1546 1358 1586 1358 1603 127 1606"/></Shape>
	    <String CONTENT="مرتبه كه بالاتر است علم وطهارت وى بيشتر است ، ومقامى که بعد از"
                    HPOS="125"
                    VPOS="1546"
                    WIDTH="1233"
                    HEIGHT="60"></String>
          </TextLine>

          
          
          <TextLine ID="eSc_line_6e524626"
                    
                    BASELINE="122 1668 410 1675 1354 1670" 
                    HPOS="120"
                    VPOS="1626"
                    WIDTH="1234"
                    HEIGHT="66">
            <Shape><Polygon POINTS="122 1668 122 1626 410 1634 1353 1628 1354 1670 1354 1686 410 1692 408 1692 120 1685"/></Shape>
	    <String CONTENT="مفارقت قالب باز گشت وی بآن خواهد بود عالى تر وشریف تر است ،"
                    HPOS="120"
                    VPOS="1626"
                    WIDTH="1234"
                    HEIGHT="66"></String>
          </TextLine>

          
          
          <TextLine ID="eSc_line_fc71eaae"
                    
                    BASELINE="118 1750 1353 1750" 
                    HPOS="118"
                    VPOS="1710"
                    WIDTH="1235"
                    HEIGHT="58">
            <Shape><Polygon POINTS="118 1750 118 1710 1353 1710 1353 1750 1353 1768 118 1768"/></Shape>
	    <String CONTENT="اما اهل حکمت می گویند که این هر نه مرتبه کسبی اند وهیچ کسرا"
                    HPOS="118"
                    VPOS="1710"
                    WIDTH="1235"
                    HEIGHT="58"></String>
          </TextLine>

          
          
          <TextLine ID="eSc_line_8111a33d"
                    
                    BASELINE="120 1825 714 1838 1353 1830" 
                    HPOS="118"
                    VPOS="1785"
                    WIDTH="1235"
                    HEIGHT="71">
            <Shape><Polygon POINTS="120 1825 120 1785 714 1797 1351 1790 1353 1830 1353 1848 714 1856 713 1856 118 1843"/></Shape>
	    <String CONTENT="مقام معلوم نيست ، مقام هر كس جزاء علم وعمل وى است ، هر که"
                    HPOS="118"
                    VPOS="1785"
                    WIDTH="1235"
                    HEIGHT="71"></String>
          </TextLine>

          
          
          <TextLine ID="eSc_line_c78047f9"
                    
                    BASELINE="118 1907 370 1916 1349 1912" 
                    HPOS="116"
                    VPOS="1865"
                    WIDTH="1233"
                    HEIGHT="71">
            <Shape><Polygon POINTS="118 1907 118 1865 370 1874 1347 1870 1349 1912 1349 1932 370 1936 368 1936 116 1927"/></Shape>
	    <String CONTENT="علم وطهارت بيشتر كسب می کند ، مرتبهٔ وی بالاتر می شود ومقامی که"
                    HPOS="116"
                    VPOS="1865"
                    WIDTH="1233"
                    HEIGHT="71"></String>
          </TextLine>

          
          
          <TextLine ID="eSc_line_49a0bee3"
                    
                    BASELINE="116 1989 401 1998 1349 1998" 
                    HPOS="114"
                    VPOS="1943"
                    WIDTH="1235"
                    HEIGHT="73">
            <Shape><Polygon POINTS="116 1989 116 1943 401 1952 1349 1952 1349 1998 1349 2016 401 2016 399 2016 114 2007"/></Shape>
	    <String CONTENT="باز گشت وی بدان خواهد بود عالى تر وشریف تر می گردد ، از جهت"
                    HPOS="114"
                    VPOS="1943"
                    WIDTH="1235"
                    HEIGHT="73"></String>
          </TextLine>

          
          
          <TextLine ID="eSc_line_97e8b895"
                    
                    BASELINE="696 218 844 218" 
                    HPOS="696"
                    VPOS="183"
                    WIDTH="148"
                    HEIGHT="50">
            <Shape><Polygon POINTS="696 218 696 183 844 183 844 218 844 233 696 233"/></Shape>
	    <String CONTENT="رسالهٔ اول"
                    HPOS="696"
                    VPOS="183"
                    WIDTH="148"
                    HEIGHT="50"></String>
          </TextLine>

          
          
          <TextLine ID="eSc_line_49af5672"
                    
                    BASELINE="142 220 196 216" 
                    HPOS="140"
                    VPOS="189"
                    WIDTH="56"
                    HEIGHT="38">
            <Shape><Polygon POINTS="142 220 140 193 195 189 196 216 196 224 142 227"/></Shape>
	    <String CONTENT="29"
                    HPOS="140"
                    VPOS="189"
                    WIDTH="56"
                    HEIGHT="38"></String>
          </TextLine>

          
          
          <TextLine ID="eSc_line_9d470788"
                    
                    BASELINE="67 479 94 479" 
                    HPOS="67"
                    VPOS="446"
                    WIDTH="27"
                    HEIGHT="45">
            <Shape><Polygon POINTS="67 479 67 446 94 446 94 479 94 491 67 491"/></Shape>
	    <String CONTENT="5"
                    HPOS="67"
                    VPOS="446"
                    WIDTH="27"
                    HEIGHT="45"></String>
          </TextLine>

          
          
          <TextLine ID="eSc_line_4ed2a8ba"
                    
                    BASELINE="38 1497 83 1501" 
                    HPOS="36"
                    VPOS="1459"
                    WIDTH="49"
                    HEIGHT="52">
            <Shape><Polygon POINTS="38 1497 40 1459 85 1462 83 1501 82 1511 36 1508"/></Shape>
	    <String CONTENT="15"
                    HPOS="36"
                    VPOS="1459"
                    WIDTH="49"
                    HEIGHT="52"></String>
          </TextLine>

          
          
          <TextLine ID="eSc_line_977cf463"
                    
                    BASELINE="38 1741 83 1745" 
                    HPOS="36"
                    VPOS="1705"
                    WIDTH="49"
                    HEIGHT="51">
            <Shape><Polygon POINTS="38 1741 40 1705 85 1708 83 1745 82 1756 36 1752"/></Shape>
	    <String CONTENT="15"
                    HPOS="36"
                    VPOS="1705"
                    WIDTH="49"
                    HEIGHT="51"></String>
          </TextLine>

          
          
          <TextLine ID="eSc_line_6f4ef5d1"
                    
                    BASELINE="32 1980 69 1980" 
                    HPOS="32"
                    VPOS="1945"
                    WIDTH="37"
                    HEIGHT="44">
            <Shape><Polygon POINTS="32 1980 32 1945 69 1945 69 1980 69 1989 32 1989"/></Shape>
	    <String CONTENT="2"
                    HPOS="32"
                    VPOS="1945"
                    WIDTH="37"
                    HEIGHT="44"></String>
          </TextLine>

          
        </TextBlock>
        
      </PrintSpace>
    </Page>
  </Layout>
</alto>
