<?xml version="1.0" encoding="UTF-8"?>
<alto xmlns:xsi="http://www.w3.org/2001/XMLSchema-instance"
      xmlns="http://www.loc.gov/standards/alto/ns-v4#"
      xsi:schemaLocation="http://www.loc.gov/standards/alto/ns-v4# http://www.loc.gov/standards/alto/v4/alto-4-2.xsd">
  <Description>
    <MeasurementUnit>pixel</MeasurementUnit>
    <sourceImageInformation>
      <fileName>00030.jpg</fileName>
      
    </sourceImageInformation>
  </Description>
  
  <Tags>
    <OtherTag ID="BT2" LABEL="Main" DESCRIPTION="block type Main"/><OtherTag ID="BT4" LABEL="Illustration" DESCRIPTION="block type Illustration"/><OtherTag ID="BT1315" LABEL="Running title" DESCRIPTION="block type Running title"/><OtherTag ID="BT1316" LABEL="Head" DESCRIPTION="block type Head"/><OtherTag ID="BT1317" LABEL="Page number" DESCRIPTION="block type Page number"/><OtherTag ID="BT1318" LABEL="Catchword" DESCRIPTION="block type Catchword"/><OtherTag ID="BT1319" LABEL="Footnotes" DESCRIPTION="block type Footnotes"/>
    
  </Tags>
  
  <Layout>
    <Page WIDTH="1637"
          HEIGHT="2164"
          PHYSICAL_IMG_NR="29"
          ID="eSc_dummypage_">
      <PrintSpace HPOS="0"
                  VPOS="0"
                  WIDTH="1637"
                  HEIGHT="2164">
        
        <TextBlock HPOS="486"
                   VPOS="780"
                   WIDTH="533"
                   HEIGHT="136"
                   ID="eSc_textblock_e2d96e6a"
                   TAGREFS="BT1315">
          <Shape><Polygon POINTS="486 780 486 916 1019 916 1019 780"/></Shape>
          
        </TextBlock>
        
        <TextBlock HPOS="687"
                   VPOS="1283"
                   WIDTH="105"
                   HEIGHT="61"
                   ID="eSc_textblock_3f7d35bc"
                   TAGREFS="BT1315">
          <Shape><Polygon POINTS="687 1283 687 1344 792 1344 792 1283"/></Shape>
          
        </TextBlock>
        
        <TextBlock HPOS="687"
                   VPOS="1528"
                   WIDTH="118"
                   HEIGHT="52"
                   ID="eSc_textblock_8112c1ec"
                   TAGREFS="BT1315">
          <Shape><Polygon POINTS="687 1528 687 1580 805 1580 805 1528"/></Shape>
          
        </TextBlock>
        
        <TextBlock HPOS="569"
                   VPOS="163"
                   WIDTH="354"
                   HEIGHT="44"
                   ID="eSc_textblock_9f69d66f"
                   TAGREFS="BT1315">
          <Shape><Polygon POINTS="569 163 569 207 923 207 923 163"/></Shape>
          
        </TextBlock>
        
        <TextBlock HPOS="114"
                   VPOS="1602"
                   WIDTH="1277"
                   HEIGHT="407"
                   ID="eSc_textblock_9f8ea461"
                   TAGREFS="BT2">
          <Shape><Polygon POINTS="1387 2005 1391 1602 114 1602 114 2009"/></Shape>
          
        </TextBlock>
        
        <TextBlock HPOS="136"
                   VPOS="1353"
                   WIDTH="1242"
                   HEIGHT="166"
                   ID="eSc_textblock_415f3ebe"
                   TAGREFS="BT2">
          <Shape><Polygon POINTS="1378 1519 1378 1353 136 1353 136 1519"/></Shape>
          
        </TextBlock>
        
        <TextBlock HPOS="109"
                   VPOS="942"
                   WIDTH="1256"
                   HEIGHT="324"
                   ID="eSc_textblock_1c76d12f"
                   TAGREFS="BT2">
          <Shape><Polygon POINTS="1365 1266 1365 942 109 942 109 1266"/></Shape>
          
        </TextBlock>
        
        <TextBlock HPOS="101"
                   VPOS="233"
                   WIDTH="1255"
                   HEIGHT="508"
                   ID="eSc_textblock_f1ae8eba"
                   TAGREFS="BT2">
          <Shape><Polygon POINTS="1356 741 1356 233 101 233 101 741"/></Shape>
          
        </TextBlock>
        
        <TextBlock HPOS="1273"
                   VPOS="146"
                   WIDTH="65"
                   HEIGHT="52"
                   ID="eSc_textblock_0cf0bc35"
                   TAGREFS="BT1317">
          <Shape><Polygon POINTS="1273 146 1273 198 1338 198 1338 146"/></Shape>
          
        </TextBlock>
        

        
        <TextBlock ID="eSc_dummyblock_">
          
          
          <TextLine ID="eSc_line_ab0ab207"
                    
                    BASELINE="1274 178 1330 178" 
                    HPOS="1274"
                    VPOS="151"
                    WIDTH="56"
                    HEIGHT="38">
            <Shape><Polygon POINTS="1274 178 1274 151 1330 151 1330 178 1330 189 1274 189"/></Shape>
	    <String CONTENT="24"
                    HPOS="1274"
                    VPOS="151"
                    WIDTH="56"
                    HEIGHT="38"></String>
          </TextLine>

          
          
          <TextLine ID="eSc_line_9cc9078b"
                    
                    BASELINE="115 299 611 299 1319 283" 
                    HPOS="115"
                    VPOS="238"
                    WIDTH="1204"
                    HEIGHT="77">
            <Shape><Polygon POINTS="115 299 115 254 610 254 1317 238 1319 283 1319 297 611 313 611 315 115 315"/></Shape>
	    <String CONTENT="که نور است که با غذا همراه است آن نور عروج کرده است و بمراتب"
                    HPOS="115"
                    VPOS="238"
                    WIDTH="1204"
                    HEIGHT="77"></String>
          </TextLine>

          
          
          <TextLine ID="eSc_line_cd5f25a5"
                    
                    BASELINE="113 371 283 380 887 367 1326 373" 
                    HPOS="111"
                    VPOS="322"
                    WIDTH="1215"
                    HEIGHT="76">
            <Shape><Polygon POINTS="113 371 115 326 283 335 673 326 886 322 887 322 1326 328 1326 373 1324 391 887 385 675 391 283 398 281 398 111 389"/></Shape>
	    <String CONTENT="بر امده ودانا وبينا وشنوا شده ، هم راست باشد . چنین می دانم که"
                    HPOS="111"
                    VPOS="322"
                    WIDTH="1215"
                    HEIGHT="76"></String>
          </TextLine>

          
          
          <TextLine ID="eSc_line_62172fdf"
                    
                    BASELINE="120 461 949 459 1333 443" 
                    HPOS="119"
                    VPOS="394"
                    WIDTH="1214"
                    HEIGHT="87">
            <Shape><Polygon POINTS="120 461 119 412 947 411 1330 394 1333 443 1333 463 949 479 949 479 120 481"/></Shape>
	    <String CONTENT="تمام فهم نكردی ، روشن تر ازین بگویم که دانستن این سخن از"
                    HPOS="119"
                    VPOS="394"
                    WIDTH="1214"
                    HEIGHT="87"></String>
          </TextLine>

          
          
          <TextLine ID="eSc_line_a6dc2ad1"
                    
                    BASELINE="117 542 1341 524" 
                    HPOS="115"
                    VPOS="485"
                    WIDTH="1226"
                    HEIGHT="68">
            <Shape><Polygon POINTS="117 542 115 503 1339 485 1341 524 1341 535 117 553"/></Shape>
	    <String CONTENT="مهعات است ، ورياضات ومجاهدات اهل هند جمله بنا برین سخن"
                    HPOS="115"
                    VPOS="485"
                    WIDTH="1226"
                    HEIGHT="68"></String>
          </TextLine>

          
          
          <TextLine ID="eSc_line_b9922f39"
                    
                    BASELINE="117 625 454 613 1021 613 1333 602" 
                    HPOS="115"
                    VPOS="559"
                    WIDTH="1218"
                    HEIGHT="84">
            <Shape><Polygon POINTS="117 625 115 582 453 569 454 569 770 569 1019 569 1331 559 1333 602 1333 620 1021 631 1021 631 770 631 454 631 117 643"/></Shape>
	    <String CONTENT="است ؛ یعنی سخنی بغایت خوب است وبسیار مشکلات از دانستن این"
                    HPOS="115"
                    VPOS="559"
                    WIDTH="1218"
                    HEIGHT="84"></String>
          </TextLine>

          
          
          <TextLine ID="eSc_line_7dcd491a"
                    
                    BASELINE="675 694 929 697 1351 681" 
                    HPOS="673"
                    VPOS="636"
                    WIDTH="678"
                    HEIGHT="79">
            <Shape><Polygon POINTS="675 694 675 649 927 652 1350 636 1351 681 1351 699 929 715 927 715 673 712"/></Shape>
	    <String CONTENT="سخن گشاده می شود وحل می گردد ."
                    HPOS="673"
                    VPOS="636"
                    WIDTH="678"
                    HEIGHT="79"></String>
          </TextLine>

          
          
          <TextLine ID="eSc_line_41d7a496"
                    
                    BASELINE="507 894 956 898" 
                    HPOS="505"
                    VPOS="856"
                    WIDTH="451"
                    HEIGHT="54">
            <Shape><Polygon POINTS="507 894 507 856 956 860 956 898 954 910 505 907"/></Shape>
	    <String CONTENT="در بيان سلوك اهل هند"
                    HPOS="505"
                    VPOS="856"
                    WIDTH="451"
                    HEIGHT="54"></String>
          </TextLine>

          
          
          <TextLine ID="eSc_line_737b25ed"
                    
                    BASELINE="651 827 813 820" 
                    HPOS="649"
                    VPOS="779"
                    WIDTH="164"
                    HEIGHT="63">
            <Shape><Polygon POINTS="651 827 649 786 812 779 813 820 813 834 651 842"/></Shape>
	    <String CONTENT="فصل دهم"
                    HPOS="649"
                    VPOS="779"
                    WIDTH="164"
                    HEIGHT="63"></String>
          </TextLine>

          
          
          <TextLine ID="eSc_line_80feb0aa"
                    
                    BASELINE="115 988 582 995 1263 988" 
                    HPOS="113"
                    VPOS="939"
                    WIDTH="1150"
                    HEIGHT="72">
            <Shape><Polygon POINTS="115 988 115 939 582 946 1261 939 1263 988 1263 1004 582 1011 581 1011 113 1004"/></Shape>
	    <String CONTENT="(14) بدان كه خاك وآب وهوا وآتش وحيوانات ونباتات وافلاك"
                    HPOS="113"
                    VPOS="939"
                    WIDTH="1150"
                    HEIGHT="72"></String>
          </TextLine>

          
          
          <TextLine ID="eSc_line_8efc03d7"
                    
                    BASELINE="117 1072 1344 1076" 
                    HPOS="115"
                    VPOS="1033"
                    WIDTH="1229"
                    HEIGHT="58">
            <Shape><Polygon POINTS="117 1072 117 1033 1344 1036 1344 1076 1342 1091 115 1087"/></Shape>
	    <String CONTENT="وانجم يعنى جمله افراد موجودات مملو از نور اند ، وعالم ما لامال"
                    HPOS="115"
                    VPOS="1033"
                    WIDTH="1229"
                    HEIGHT="58"></String>
          </TextLine>

          
          
          <TextLine ID="eSc_line_a58797c1"
                    
                    BASELINE="119 1161 1344 1150" 
                    HPOS="117"
                    VPOS="1105"
                    WIDTH="1227"
                    HEIGHT="68">
            <Shape><Polygon POINTS="119 1161 117 1116 1342 1105 1344 1150 1344 1163 119 1173"/></Shape>
	    <String CONTENT="نور است واین نور است که جان عالم است . وآن عزیز از سر این نظر"
                    HPOS="117"
                    VPOS="1105"
                    WIDTH="1227"
                    HEIGHT="68"></String>
          </TextLine>

          
          
          <TextLine ID="eSc_line_50d03194"
                    
                    BASELINE="1097 1229 1359 1229" 
                    HPOS="1097"
                    VPOS="1197"
                    WIDTH="262"
                    HEIGHT="49">
            <Shape><Polygon POINTS="1097 1229 1097 1197 1359 1197 1359 1229 1359 1246 1097 1246"/></Shape>
	    <String CONTENT="فرموده است :"
                    HPOS="1097"
                    VPOS="1197"
                    WIDTH="262"
                    HEIGHT="49"></String>
          </TextLine>

          
          
          <TextLine ID="eSc_line_7a3bd72a"
                    
                    BASELINE="806 1406 1303 1399" 
                    HPOS="804"
                    VPOS="1356"
                    WIDTH="499"
                    HEIGHT="63">
            <Shape><Polygon POINTS="806 1406 804 1363 1301 1356 1303 1399 1303 1412 806 1419"/></Shape>
	    <String CONTENT="مرد باید که بوی داند برد"
                    HPOS="804"
                    VPOS="1356"
                    WIDTH="499"
                    HEIGHT="63"></String>
          </TextLine>

          
          
          <TextLine ID="eSc_line_2ffe0af9"
                    
                    BASELINE="698 1323 767 1327" 
                    HPOS="696"
                    VPOS="1285"
                    WIDTH="72"
                    HEIGHT="53">
            <Shape><Polygon POINTS="698 1323 700 1285 768 1289 767 1327 765 1338 696 1334"/></Shape>
	    <String CONTENT="بیت"
                    HPOS="696"
                    VPOS="1285"
                    WIDTH="72"
                    HEIGHT="53"></String>
          </TextLine>

          
          
          <TextLine ID="eSc_line_c5750b63"
                    
                    BASELINE="465 1478 1185 1485 1353 1476" 
                    HPOS="463"
                    VPOS="1428"
                    WIDTH="890"
                    HEIGHT="74">
            <Shape><Polygon POINTS="465 1478 465 1430 1183 1437 1350 1428 1353 1476 1353 1493 1185 1502 1183 1502 463 1494"/></Shape>
	    <String CONTENT="وآن عزیز دیگر هم از سر این نظر فرموده است"
                    HPOS="463"
                    VPOS="1428"
                    WIDTH="890"
                    HEIGHT="74"></String>
          </TextLine>

          
          
          <TextLine ID="eSc_line_a6e3d535"
                    
                    BASELINE="160 1402 687 1406" 
                    HPOS="158"
                    VPOS="1365"
                    WIDTH="529"
                    HEIGHT="59">
            <Shape><Polygon POINTS="160 1402 160 1365 687 1368 687 1406 685 1424 158 1421"/></Shape>
	    <String CONTENT="ور. نه عالم پر از نسيم صباست"
                    HPOS="158"
                    VPOS="1365"
                    WIDTH="529"
                    HEIGHT="59"></String>
          </TextLine>

          
          
          <TextLine ID="eSc_line_627f97b2"
                    
                    BASELINE="700 1570 774 1570" 
                    HPOS="700"
                    VPOS="1538"
                    WIDTH="74"
                    HEIGHT="48">
            <Shape><Polygon POINTS="700 1570 700 1538 774 1538 774 1570 774 1586 700 1586"/></Shape>
	    <String CONTENT="بیت"
                    HPOS="700"
                    VPOS="1538"
                    WIDTH="74"
                    HEIGHT="48"></String>
          </TextLine>

          
          
          <TextLine ID="eSc_line_4f1e9fcc"
                    
                    BASELINE="743 1648 1353 1651" 
                    HPOS="741"
                    VPOS="1604"
                    WIDTH="612"
                    HEIGHT="60">
            <Shape><Polygon POINTS="743 1648 743 1604 1353 1608 1353 1651 1351 1664 741 1660"/></Shape>
	    <String CONTENT="رو دیده بدست آر که هر ذره زخاك"
                    HPOS="741"
                    VPOS="1604"
                    WIDTH="612"
                    HEIGHT="60"></String>
          </TextLine>

          
          
          <TextLine ID="eSc_line_8cb2ea11"
                    
                    BASELINE="119 1653 723 1648" 
                    HPOS="117"
                    VPOS="1604"
                    WIDTH="606"
                    HEIGHT="62">
            <Shape><Polygon POINTS="119 1653 117 1610 721 1604 723 1648 723 1660 119 1666"/></Shape>
	    <String CONTENT="جامیست جهان نمای چون درنگری"
                    HPOS="117"
                    VPOS="1604"
                    WIDTH="606"
                    HEIGHT="62"></String>
          </TextLine>

          
          
          <TextLine ID="eSc_line_6c3c5164"
                    
                    BASELINE="120 1736 1267 1729" 
                    HPOS="119"
                    VPOS="1691"
                    WIDTH="1148"
                    HEIGHT="60">
            <Shape><Polygon POINTS="120 1736 119 1698 1265 1691 1267 1729 1267 1743 120 1751"/></Shape>
	    <String CONTENT="(15) ای درویش ! عالم دو چیز است ، نور وظلمت یعنی دریای"
                    HPOS="119"
                    VPOS="1691"
                    WIDTH="1148"
                    HEIGHT="60"></String>
          </TextLine>

          
          
          <TextLine ID="eSc_line_7760c812"
                    
                    BASELINE="124 1806 705 1817 974 1810 1355 1814" 
                    HPOS="122"
                    VPOS="1760"
                    WIDTH="1233"
                    HEIGHT="73">
            <Shape><Polygon POINTS="124 1806 124 1760 703 1770 931 1765 972 1763 974 1763 1355 1767 1355 1814 1353 1830 974 1826 931 1828 705 1833 703 1833 122 1823"/></Shape>
	    <String CONTENT="نور است ودریای ظلمت . این دو دریا در یك دیگر آمیخته اند ،"
                    HPOS="122"
                    VPOS="1760"
                    WIDTH="1233"
                    HEIGHT="73"></String>
          </TextLine>

          
          
          <TextLine ID="eSc_line_6f828579"
                    
                    BASELINE="124 1893 1041 1884 1359 1889" 
                    HPOS="122"
                    VPOS="1839"
                    WIDTH="1237"
                    HEIGHT="68">
            <Shape><Polygon POINTS="124 1893 122 1848 1039 1839 1041 1839 1359 1844 1359 1889 1357 1904 1039 1898 124 1907"/></Shape>
	    <String CONTENT="نوررا از ظلمت جدا می باید كرذ تا صفات نور ظاهر شوند ، واين"
                    HPOS="122"
                    VPOS="1839"
                    WIDTH="1237"
                    HEIGHT="68"></String>
          </TextLine>

          
          
          <TextLine ID="eSc_line_b68321c0"
                    
                    BASELINE="120 1960 416 1969 1351 1962" 
                    HPOS="119"
                    VPOS="1915"
                    WIDTH="1232"
                    HEIGHT="72">
            <Shape><Polygon POINTS="120 1960 120 1915 416 1924 1350 1916 1351 1962 1351 1980 416 1987 415 1987 119 1978"/></Shape>
	    <String CONTENT="بوررا از ظلمت اندرون حيیوانات جدا می توانند کرد از جهت آنکه"
                    HPOS="119"
                    VPOS="1915"
                    WIDTH="1232"
                    HEIGHT="72"></String>
          </TextLine>

          
          
          <TextLine ID="eSc_line_d242490d"
                    
                    BASELINE="1378 438 1416 436" 
                    HPOS="1377"
                    VPOS="398"
                    WIDTH="39"
                    HEIGHT="49">
            <Shape><Polygon POINTS="1378 438 1377 400 1415 398 1416 436 1416 445 1378 447"/></Shape>
	    <String CONTENT=""
                    HPOS="1377"
                    VPOS="398"
                    WIDTH="39"
                    HEIGHT="49"></String>
          </TextLine>

          
          
          <TextLine ID="eSc_line_a82532e6"
                    
                    BASELINE="1382 681 1425 678" 
                    HPOS="1378"
                    VPOS="643"
                    WIDTH="47"
                    HEIGHT="49">
            <Shape><Polygon POINTS="1382 681 1378 647 1422 643 1425 678 1425 688 1382 692"/></Shape>
	    <String CONTENT="5"
                    HPOS="1378"
                    VPOS="643"
                    WIDTH="47"
                    HEIGHT="49"></String>
          </TextLine>

          
          
          <TextLine ID="eSc_line_30160131"
                    
                    BASELINE="588 191 877 183" 
                    HPOS="586"
                    VPOS="147"
                    WIDTH="291"
                    HEIGHT="56">
            <Shape><Polygon POINTS="588 191 586 155 875 147 877 183 877 196 588 203"/></Shape>
	    <String CONTENT="كتاب الانسان الكامل"
                    HPOS="586"
                    VPOS="147"
                    WIDTH="291"
                    HEIGHT="56"></String>
          </TextLine>

          
          
          <TextLine ID="eSc_line_55b73bbc"
                    
                    BASELINE="1380 986 1425 988" 
                    HPOS="1378"
                    VPOS="957"
                    WIDTH="47"
                    HEIGHT="43">
            <Shape><Polygon POINTS="1380 986 1380 957 1425 959 1425 988 1424 1000 1378 999"/></Shape>
	    <String CONTENT="5"
                    HPOS="1378"
                    VPOS="957"
                    WIDTH="47"
                    HEIGHT="43"></String>
          </TextLine>

          
          
          <TextLine ID="eSc_line_b68065ba"
                    
                    BASELINE="1373 1228 1427 1222" 
                    HPOS="1369"
                    VPOS="1186"
                    WIDTH="58"
                    HEIGHT="54">
            <Shape><Polygon POINTS="1373 1228 1369 1192 1424 1186 1427 1222 1427 1235 1373 1240"/></Shape>
	    <String CONTENT="1"
                    HPOS="1369"
                    VPOS="1186"
                    WIDTH="58"
                    HEIGHT="54"></String>
          </TextLine>

          
          
          <TextLine ID="eSc_line_21f1eff4"
                    
                    BASELINE="1380 1723 1434 1722" 
                    HPOS="1378"
                    VPOS="1686"
                    WIDTH="56"
                    HEIGHT="54">
            <Shape><Polygon POINTS="1380 1723 1378 1687 1433 1686 1434 1722 1434 1738 1380 1740"/></Shape>
	    <String CONTENT="14"
                    HPOS="1378"
                    VPOS="1686"
                    WIDTH="56"
                    HEIGHT="54"></String>
          </TextLine>

          
          
          <TextLine ID="eSc_line_d5efabb8"
                    
                    BASELINE="1380 1956 1445 1947" 
                    HPOS="1375"
                    VPOS="1909"
                    WIDTH="72"
                    HEIGHT="60">
            <Shape><Polygon POINTS="1380 1956 1375 1918 1440 1909 1445 1947 1447 1960 1382 1969"/></Shape>
	    <String CONTENT="20"
                    HPOS="1375"
                    VPOS="1909"
                    WIDTH="72"
                    HEIGHT="60"></String>
          </TextLine>

          
        </TextBlock>
        
      </PrintSpace>
    </Page>
  </Layout>
</alto>
