<?xml version="1.0" encoding="UTF-8"?>
<alto xmlns:xsi="http://www.w3.org/2001/XMLSchema-instance"
      xmlns="http://www.loc.gov/standards/alto/ns-v4#"
      xsi:schemaLocation="http://www.loc.gov/standards/alto/ns-v4# http://www.loc.gov/standards/alto/v4/alto-4-2.xsd">
  <Description>
    <MeasurementUnit>pixel</MeasurementUnit>
    <sourceImageInformation>
      <fileName>00036.jpg</fileName>
      
    </sourceImageInformation>
  </Description>
  
  <Tags>
    <OtherTag ID="BT2" LABEL="Main" DESCRIPTION="block type Main"/><OtherTag ID="BT4" LABEL="Illustration" DESCRIPTION="block type Illustration"/><OtherTag ID="BT1315" LABEL="Running title" DESCRIPTION="block type Running title"/><OtherTag ID="BT1316" LABEL="Head" DESCRIPTION="block type Head"/><OtherTag ID="BT1317" LABEL="Page number" DESCRIPTION="block type Page number"/><OtherTag ID="BT1318" LABEL="Catchword" DESCRIPTION="block type Catchword"/><OtherTag ID="BT1319" LABEL="Footnotes" DESCRIPTION="block type Footnotes"/>
    
  </Tags>
  
  <Layout>
    <Page WIDTH="1631"
          HEIGHT="2190"
          PHYSICAL_IMG_NR="35"
          ID="eSc_dummypage_">
      <PrintSpace HPOS="0"
                  VPOS="0"
                  WIDTH="1631"
                  HEIGHT="2190">
        
        <TextBlock HPOS="100"
                   VPOS="254"
                   WIDTH="1316"
                   HEIGHT="1778"
                   ID="eSc_textblock_48219e9d"
                   TAGREFS="BT2">
          <Shape><Polygon POINTS="1416 2032 1390 254 100 285 100 2032"/></Shape>
          
        </TextBlock>
        
        <TextBlock HPOS="614"
                   VPOS="184"
                   WIDTH="297"
                   HEIGHT="48"
                   ID="eSc_textblock_b19d60bc"
                   TAGREFS="BT1315">
          <Shape><Polygon POINTS="614 184 614 232 911 232 911 184"/></Shape>
          
        </TextBlock>
        
        <TextBlock HPOS="1277"
                   VPOS="184"
                   WIDTH="87"
                   HEIGHT="35"
                   ID="eSc_textblock_c4f77b10"
                   TAGREFS="BT1317">
          <Shape><Polygon POINTS="1277 184 1277 219 1364 219 1364 184"/></Shape>
          
        </TextBlock>
        

        
        <TextBlock ID="eSc_dummyblock_">
          
          
          <TextLine ID="eSc_line_a385814a"
                    
                    BASELINE="1293 204 1347 200" 
                    HPOS="1291"
                    VPOS="173"
                    WIDTH="56"
                    HEIGHT="38">
            <Shape><Polygon POINTS="1293 204 1291 177 1346 173 1347 200 1347 208 1293 211"/></Shape>
	    <String CONTENT="30"
                    HPOS="1291"
                    VPOS="173"
                    WIDTH="56"
                    HEIGHT="38"></String>
          </TextLine>

          
          
          <TextLine ID="eSc_line_445a70c3"
                    
                    BASELINE="133 332 555 326 772 337 1335 312" 
                    HPOS="131"
                    VPOS="255"
                    WIDTH="1204"
                    HEIGHT="115">
            <Shape><Polygon POINTS="133 332 131 275 553 270 557 270 772 281 1331 255 1335 312 1335 344 772 370 770 370 553 359 133 365"/></Shape>
	    <String CONTENT="نکه نزدیك اهل حکمت ارواح را پیش از اجساد نیافریده اند آری"
                    HPOS="131"
                    VPOS="255"
                    WIDTH="1204"
                    HEIGHT="115"></String>
          </TextLine>

          
          
          <TextLine ID="eSc_line_72862698"
                    
                    BASELINE="135 414 737 416 935 401 1336 397" 
                    HPOS="133"
                    VPOS="348"
                    WIDTH="1203"
                    HEIGHT="88">
            <Shape><Polygon POINTS="135 414 135 365 736 366 902 354 931 352 933 352 1335 348 1336 397 1336 417 935 421 904 423 737 436 736 436 133 434"/></Shape>
	    <String CONTENT="ورا با اجساد آفریده اند ؛ پس هیچ کسرا مقام معلوم نبوده باشد ،"
                    HPOS="133"
                    VPOS="348"
                    WIDTH="1203"
                    HEIGHT="88"></String>
          </TextLine>

          
          
          <TextLine ID="eSc_line_365bfe24"
                    
                    BASELINE="1386 476 1431 474" 
                    HPOS="1377"
                    VPOS="286"
                    WIDTH="54"
                    HEIGHT="197">
            <Shape><Polygon POINTS="1386 476 1377 288 1422 286 1431 474 1431 481 1386 483"/></Shape>
	    <String CONTENT=""
                    HPOS="1377"
                    VPOS="286"
                    WIDTH="54"
                    HEIGHT="197"></String>
          </TextLine>

          
          
          <TextLine ID="eSc_line_7a7ee7d6"
                    
                    BASELINE="135 501 767 496 1367 478" 
                    HPOS="133"
                    VPOS="430"
                    WIDTH="1234"
                    HEIGHT="88">
            <Shape><Polygon POINTS="135 501 133 454 765 448 1366 430 1367 478 1367 494 767 512 767 512 135 518"/></Shape>
	    <String CONTENT="هر یك مقام خودرا اکنون پیدا می کند . ودیگر اهل حکمت می گویند"
                    HPOS="133"
                    VPOS="430"
                    WIDTH="1234"
                    HEIGHT="88"></String>
          </TextLine>

          
          
          <TextLine ID="eSc_line_c4dfd781"
                    
                    BASELINE="135 585 1178 576 1335 563" 
                    HPOS="133"
                    VPOS="521"
                    WIDTH="1202"
                    HEIGHT="81">
            <Shape><Polygon POINTS="135 585 133 543 1174 534 1331 521 1335 563 1335 580 1178 593 1178 593 135 602"/></Shape>
	    <String CONTENT="که هیچ چیزرا ختم نیست واگر همد چیزرا ختم هست باز آغاز هست،"
                    HPOS="133"
                    VPOS="521"
                    WIDTH="1202"
                    HEIGHT="81"></String>
          </TextLine>

          
          
          <TextLine ID="eSc_line_56c91856"
                    
                    BASELINE="138 664 1364 647" 
                    HPOS="136"
                    VPOS="607"
                    WIDTH="1228"
                    HEIGHT="70">
            <Shape><Polygon POINTS="138 664 136 624 1362 607 1364 647 1364 660 138 677"/></Shape>
	    <String CONTENT="یعنی در اخر دور قمر همه چیز بکمال خود رسد وهر چیز که بکمال"
                    HPOS="136"
                    VPOS="607"
                    WIDTH="1228"
                    HEIGHT="70"></String>
          </TextLine>

          
          
          <TextLine ID="eSc_line_50cbc11d"
                    
                    BASELINE="135 737 659 742 1357 724" 
                    HPOS="133"
                    VPOS="678"
                    WIDTH="1224"
                    HEIGHT="83">
            <Shape><Polygon POINTS="135 737 135 691 657 697 1355 678 1357 724 1357 742 659 761 657 761 133 755"/></Shape>
	    <String CONTENT="خود رسید ختم آن چیز شد ، باز در اول دور دیگر همه چیزرا ابتدا"
                    HPOS="133"
                    VPOS="678"
                    WIDTH="1224"
                    HEIGHT="83"></String>
          </TextLine>

          
          
          <TextLine ID="eSc_line_b28753e7"
                    
                    BASELINE="681 812 1353 803" 
                    HPOS="679"
                    VPOS="764"
                    WIDTH="674"
                    HEIGHT="66">
            <Shape><Polygon POINTS="681 812 679 773 1351 764 1353 803 1353 821 681 830"/></Shape>
	    <String CONTENT="باشد تا باز بتدریج بکمال خود رسند ."
                    HPOS="679"
                    VPOS="764"
                    WIDTH="674"
                    HEIGHT="66"></String>
          </TextLine>

          
          
          <TextLine ID="eSc_line_054950ef"
                    
                    BASELINE="135 907 622 910 1256 894" 
                    HPOS="133"
                    VPOS="848"
                    WIDTH="1123"
                    HEIGHT="82">
            <Shape><Polygon POINTS="135 907 135 861 620 865 1254 848 1256 894 1256 914 622 930 620 930 133 927"/></Shape>
	    <String CONTENT="25) واهل وحدت می گویند که ترقی روح انسانی را حدی پیدا"
                    HPOS="133"
                    VPOS="848"
                    WIDTH="1123"
                    HEIGHT="82"></String>
          </TextLine>

          
          
          <TextLine ID="eSc_line_4aa42fd2"
                    
                    BASELINE="138 998 1358 974" 
                    HPOS="136"
                    VPOS="932"
                    WIDTH="1222"
                    HEIGHT="77">
            <Shape><Polygon POINTS="138 998 136 956 1357 932 1358 974 1358 985 138 1009"/></Shape>
	    <String CONTENT="تنمست از جهت آنکه اگر آدمی مستعد را هزار سال عمر باشد ودرین"
                    HPOS="136"
                    VPOS="932"
                    WIDTH="1222"
                    HEIGHT="77"></String>
          </TextLine>

          
          
          <TextLine ID="eSc_line_d31fb0dd"
                    
                    BASELINE="142 1076 1358 1054" 
                    HPOS="140"
                    VPOS="1012"
                    WIDTH="1218"
                    HEIGHT="77">
            <Shape><Polygon POINTS="142 1076 140 1034 1357 1012 1358 1054 1358 1067 142 1089"/></Shape>
	    <String CONTENT="هزار سال بتحصيل وتکرار ومجاهدات واذکار مشغول بود هرروز چیزی"
                    HPOS="140"
                    VPOS="1012"
                    WIDTH="1218"
                    HEIGHT="77"></String>
          </TextLine>

          
          
          <TextLine ID="eSc_line_a7ac49d2"
                    
                    BASELINE="146 1155 469 1146 907 1151 1057 1140 1362 1135" 
                    HPOS="144"
                    VPOS="1091"
                    WIDTH="1218"
                    HEIGHT="82">
            <Shape><Polygon POINTS="146 1155 144 1111 467 1102 469 1102 599 1104 905 1107 1053 1096 1055 1096 1360 1091 1362 1135 1362 1153 1057 1158 907 1169 905 1169 599 1166 469 1164 146 1173"/></Shape>
	    <String CONTENT="داند وچیزی یابد ، که پیش از آن روز ندانسته باشد ونیافته بود از"
                    HPOS="144"
                    VPOS="1091"
                    WIDTH="1218"
                    HEIGHT="82"></String>
          </TextLine>

          
          
          <TextLine ID="eSc_line_74fe122b"
                    
                    BASELINE="142 1237 1367 1220" 
                    HPOS="140"
                    VPOS="1180"
                    WIDTH="1227"
                    HEIGHT="70">
            <Shape><Polygon POINTS="142 1237 140 1197 1366 1180 1367 1220 1367 1233 142 1250"/></Shape>
	    <String CONTENT="حكمت ، از جهت آنه علم وحلمت خدای نهایت ندارد . ودیگر اهل"
                    HPOS="140"
                    VPOS="1180"
                    WIDTH="1227"
                    HEIGHT="70"></String>
          </TextLine>

          
          
          <TextLine ID="eSc_line_2d7e1173"
                    
                    BASELINE="878 1330 845 1324 1015 1306 1358 1306" 
                    HPOS="787"
                    VPOS="1248"
                    WIDTH="571"
                    HEIGHT="139">
            <Shape><Polygon POINTS="878 1330 867 1387 834 1381 829 1379 823 1377 818 1376 814 1372 809 1370 805 1366 799 1361 798 1357 794 1352 790 1346 789 1341 787 1335 787 1330 787 1324 787 1319 787 1314 789 1308 790 1303 792 1297 796 1292 799 1288 803 1282 807 1279 812 1275 816 1273 821 1270 827 1268 832 1266 838 1266 1008 1248 1015 1248 1358 1248 1358 1306 1358 1341 1017 1341 873 1355"/></Shape>
	    <String CONTENT="وحدت می کویند که هیج مقالم"
                    HPOS="787"
                    VPOS="1248"
                    WIDTH="571"
                    HEIGHT="139"></String>
          </TextLine>

          
          
          <TextLine ID="eSc_line_dc0380aa"
                    
                    BASELINE="146 1401 1366 1383" 
                    HPOS="144"
                    VPOS="1341"
                    WIDTH="1222"
                    HEIGHT="75">
            <Shape><Polygon POINTS="146 1401 144 1359 1364 1341 1366 1383 1366 1397 146 1416"/></Shape>
	    <String CONTENT="از مغارقت قالب بازگشت روح آدمی بآن مقام باشد . جمله افراد"
                    HPOS="144"
                    VPOS="1341"
                    WIDTH="1222"
                    HEIGHT="75"></String>
          </TextLine>

          
          
          <TextLine ID="eSc_line_479bd503"
                    
                    BASELINE="147 1317 657 1319 878 1330" 
                    HPOS="146"
                    VPOS="1273"
                    WIDTH="734"
                    HEIGHT="75">
            <Shape><Polygon POINTS="147 1317 147 1273 657 1275 659 1275 880 1286 878 1330 876 1348 655 1337 146 1335"/></Shape>
	    <String CONTENT="امی شریف تر از وجود آدمی نیست تا بعد"
                    HPOS="146"
                    VPOS="1273"
                    WIDTH="734"
                    HEIGHT="75"></String>
          </TextLine>

          
          
          <TextLine ID="eSc_line_6872050b"
                    
                    BASELINE="149 1489 1424 1474" 
                    HPOS="147"
                    VPOS="1434"
                    WIDTH="1277"
                    HEIGHT="67">
            <Shape><Polygon POINTS="149 1489 147 1449 1422 1434 1424 1474 1424 1487 149 1501"/></Shape>
	    <String CONTENT=" موجودات در سیر وسفر اند تا بآدمی رسند. چون بآدمی رسیدند بکمال"
                    HPOS="147"
                    VPOS="1434"
                    WIDTH="1277"
                    HEIGHT="67"></String>
          </TextLine>

          
          
          <TextLine ID="eSc_line_1f834725"
                    
                    BASELINE="122 1569 672 1569 1371 1551" 
                    HPOS="122"
                    VPOS="1505"
                    WIDTH="1249"
                    HEIGHT="80">
            <Shape><Polygon POINTS="122 1569 122 1523 670 1523 1369 1505 1371 1551 1371 1567 672 1585 672 1585 122 1585"/></Shape>
	    <String CONTENT="رسیدند ومعراج همه تمام شد . وآدمی هم در سیر وسفر است تا بکمال."
                    HPOS="122"
                    VPOS="1505"
                    WIDTH="1249"
                    HEIGHT="80"></String>
          </TextLine>

          
          
          <TextLine ID="eSc_line_5845749a"
                    
                    BASELINE="144 1649 1371 1637" 
                    HPOS="142"
                    VPOS="1596"
                    WIDTH="1229"
                    HEIGHT="68">
            <Shape><Polygon POINTS="144 1649 142 1609 1369 1596 1371 1637 1371 1651 144 1664"/></Shape>
	    <String CONTENT="خود رسد چون بکمال خود رسید معراج آدمی هم تمام شد ، وميوۀ"
                    HPOS="142"
                    VPOS="1596"
                    WIDTH="1229"
                    HEIGHT="68"></String>
          </TextLine>

          
          
          <TextLine ID="eSc_line_71aa23af"
                    
                    BASELINE="147 1737 684 1722 1448 1726" 
                    HPOS="146"
                    VPOS="1679"
                    WIDTH="1302"
                    HEIGHT="76">
            <Shape><Polygon POINTS="147 1737 146 1693 683 1679 684 1679 1448 1682 1448 1726 1446 1744 684 1741 147 1755"/></Shape>
	    <String CONTENT="1 موجودات بكمال خود رسید . وبنزدیك اهل وحدت کمال آدمی وجود"
                    HPOS="146"
                    VPOS="1679"
                    WIDTH="1302"
                    HEIGHT="76"></String>
          </TextLine>

          
          
          <TextLine ID="eSc_line_3f360787"
                    
                    BASELINE="144 1819 854 1817 1377 1799" 
                    HPOS="142"
                    VPOS="1750"
                    WIDTH="1235"
                    HEIGHT="84">
            <Shape><Polygon POINTS="144 1819 142 1770 852 1768 1375 1750 1377 1799 1377 1814 854 1832 854 1832 144 1834"/></Shape>
	    <String CONTENT="ندارد ، از جهت آنکه آدمی بهر کمالی که برسد نسبت باستعداد وی"
                    HPOS="142"
                    VPOS="1750"
                    WIDTH="1235"
                    HEIGHT="84"></String>
          </TextLine>

          
          
          <TextLine ID="eSc_line_23bf33a6"
                    
                    BASELINE="146 1899 520 1905 1033 1890 1399 1890" 
                    HPOS="144"
                    VPOS="1845"
                    WIDTH="1255"
                    HEIGHT="76">
            <Shape><Polygon POINTS="146 1899 146 1854 518 1859 905 1848 1031 1845 1033 1845 1399 1845 1399 1890 1399 1908 1033 1908 907 1910 520 1921 518 1921 144 1916"/></Shape>
	    <String CONTENT="ونسبت بعلم وحكمت خدای هنوز ناقص باشد . پس آدمی را که کامل"
                    HPOS="144"
                    VPOS="1845"
                    WIDTH="1255"
                    HEIGHT="76"></String>
          </TextLine>

          
          
          <TextLine ID="eSc_line_c2131c13"
                    
                    BASELINE="142 1980 1358 1969 1470 1976" 
                    HPOS="140"
                    VPOS="1927"
                    WIDTH="1332"
                    HEIGHT="71">
            <Shape><Polygon POINTS="142 1980 140 1938 1357 1927 1360 1927 1472 1934 1470 1976 1468 1994 1357 1987 142 1998"/></Shape>
	    <String CONTENT="21 گفتد می شود بنسبت گفته می شود ، وبنزدیك اهل شریعت واهل حکمت"
                    HPOS="140"
                    VPOS="1927"
                    WIDTH="1332"
                    HEIGHT="71"></String>
          </TextLine>

          
          
          <TextLine ID="eSc_line_886c5f49"
                    
                    BASELINE="617 222 900 217" 
                    HPOS="615"
                    VPOS="180"
                    WIDTH="285"
                    HEIGHT="53">
            <Shape><Polygon POINTS="617 222 615 186 898 180 900 217 900 228 617 233"/></Shape>
	    <String CONTENT="كتاب الانسان الكامل"
                    HPOS="615"
                    VPOS="180"
                    WIDTH="285"
                    HEIGHT="53"></String>
          </TextLine>

          
          
          <TextLine ID="eSc_line_46e7e16e"
                    
                    BASELINE="1393 724 1422 728" 
                    HPOS="1391"
                    VPOS="697"
                    WIDTH="33"
                    HEIGHT="34">
            <Shape><Polygon POINTS="1393 724 1395 697 1424 700 1422 728 1420 731 1391 728"/></Shape>
	    <String CONTENT=""
                    HPOS="1391"
                    VPOS="697"
                    WIDTH="33"
                    HEIGHT="34"></String>
          </TextLine>

          
          
          <TextLine ID="eSc_line_e80ecde0"
                    
                    BASELINE="1402 972 1435 972" 
                    HPOS="1402"
                    VPOS="941"
                    WIDTH="33"
                    HEIGHT="46">
            <Shape><Polygon POINTS="1402 972 1402 941 1435 941 1435 972 1435 987 1402 987"/></Shape>
	    <String CONTENT=""
                    HPOS="1402"
                    VPOS="941"
                    WIDTH="33"
                    HEIGHT="46"></String>
          </TextLine>

          
          
          <TextLine ID="eSc_line_0c72138a"
                    
                    BASELINE="1384 1220 1439 1228" 
                    HPOS="1380"
                    VPOS="1186"
                    WIDTH="62"
                    HEIGHT="62">
            <Shape><Polygon POINTS="1384 1220 1388 1186 1442 1193 1439 1228 1435 1248 1380 1241"/></Shape>
	    <String CONTENT="12"
                    HPOS="1380"
                    VPOS="1186"
                    WIDTH="62"
                    HEIGHT="62"></String>
          </TextLine>

          
        </TextBlock>
        
      </PrintSpace>
    </Page>
  </Layout>
</alto>
